-- phpMyAdmin SQL Dump
-- version 5.2.1
-- https://www.phpmyadmin.net/
--
-- Servidor: 127.0.0.1
-- Tiempo de generación: 25-11-2024 a las 05:44:24
-- Versión del servidor: 10.4.32-MariaDB
-- Versión de PHP: 8.2.12

SET SQL_MODE = "NO_AUTO_VALUE_ON_ZERO";
START TRANSACTION;
SET time_zone = "+00:00";


/*!40101 SET @OLD_CHARACTER_SET_CLIENT=@@CHARACTER_SET_CLIENT */;
/*!40101 SET @OLD_CHARACTER_SET_RESULTS=@@CHARACTER_SET_RESULTS */;
/*!40101 SET @OLD_COLLATION_CONNECTION=@@COLLATION_CONNECTION */;
/*!40101 SET NAMES utf8mb4 */;

--
-- Base de datos: `elecciones`
--

-- --------------------------------------------------------

--
-- Estructura de tabla para la tabla `candidatos`
--

CREATE TABLE `candidatos` (
  `id_candidato` int(11) NOT NULL,
  `id_partido` int(11) DEFAULT NULL,
  `nombre` varchar(100) NOT NULL,
  `apellidos` varchar(100) NOT NULL,
  `fecha_nacimiento` date DEFAULT NULL,
  `genero` char(1) DEFAULT NULL
) ENGINE=InnoDB DEFAULT CHARSET=utf8mb4 COLLATE=utf8mb4_general_ci;

--
-- Volcado de datos para la tabla `candidatos`
--

INSERT INTO `candidatos` (`id_candidato`, `id_partido`, `nombre`, `apellidos`, `fecha_nacimiento`, `genero`) VALUES
(1, 1, 'Álvaro', 'Uribe Vélez', '1952-07-04', 'M'),
(2, 2, 'Gustavo', 'Petro Urrego', '1960-04-19', 'M');

-- --------------------------------------------------------

--
-- Estructura de tabla para la tabla `centros_votacion`
--

CREATE TABLE `centros_votacion` (
  `id_centro` int(11) NOT NULL,
  `id_distrito` int(11) DEFAULT NULL,
  `nombre` varchar(200) NOT NULL,
  `capacidad_votantes` int(11) DEFAULT NULL,
  `accesibilidad_discapacitados` tinyint(1) DEFAULT NULL
) ENGINE=InnoDB DEFAULT CHARSET=utf8mb4 COLLATE=utf8mb4_general_ci;

--
-- Volcado de datos para la tabla `centros_votacion`
--

INSERT INTO `centros_votacion` (`id_centro`, `id_distrito`, `nombre`, `capacidad_votantes`, `accesibilidad_discapacitados`) VALUES
(1, 1, 'Liceo Nueva Colombia', 2203, 0),
(2, 2, 'Escuela Comunitaria', 2185, 1),
(3, 3, 'Liceo Cultural', 2617, 0),
(4, 4, 'Centro Escolar El Bosque', 2384, 1),
(5, 5, 'Gimnasio Moderno', 1620, 1),
(6, 6, 'Liceo Cultural', 983, 1),
(7, 7, 'Escuela Campestre', 2071, 0),
(8, 8, 'Instituto Educativo Central', 2085, 0),
(9, 9, 'Centro Escolar El Bosque', 933, 0),
(10, 10, 'Academia de Artes', 1619, 0),
(11, 11, 'Instituto Bolivar', 2026, 1),
(12, 12, 'Escuela Campestre', 1655, 0),
(13, 13, 'Instituto Bolivar', 1462, 1),
(14, 14, 'Centro Educativo Integral', 478, 1),
(15, 15, 'Escuela Campestre', 1687, 1),
(16, 16, 'Centro Educativo Integral', 1649, 1),
(17, 17, 'Gimnasio Moderno', 1977, 0),
(18, 18, 'Instituto Bolivar', 929, 0),
(19, 19, 'Centro de Votacion Municipal', 393, 1),
(20, 20, 'Gimnasio Moderno', 554, 0),
(21, 21, 'Instituto Educativo Central', 1692, 0),
(22, 22, 'Centro Escolar El Bosque', 1025, 1),
(23, 23, 'Centro Escolar El Bosque', 1126, 0),
(24, 24, 'Centro Tecnico Industrial', 2795, 1),
(25, 25, 'Escuela Campestre', 1232, 1),
(26, 26, 'Escuela Francisco de Paula', 2960, 0),
(27, 27, 'Gimnasio Moderno', 1091, 0),
(28, 28, 'Centro Educativo Integral', 1873, 1),
(29, 29, 'Instituto San Juan', 2801, 1),
(30, 30, 'Colegio de Ciencias', 875, 1),
(31, 31, 'Centro de Votacion Municipal', 2917, 1),
(32, 32, 'Escuela Comunitaria', 2293, 0),
(33, 33, 'Instituto Educativo Central', 1440, 1),
(34, 34, 'Liceo Cultural', 2691, 0),
(35, 35, 'Instituto Educativo Central', 529, 0),
(36, 36, 'Escuela Francisco de Paula', 1093, 1),
(37, 37, 'Colegio de Ciencias', 79, 0),
(38, 38, 'Instituto Bolivar', 2659, 1),
(39, 39, 'Colegio Nacional', 1502, 0),
(40, 40, 'Liceo Cultural', 1628, 1),
(41, 41, 'Instituto Tecnico Superior', 1693, 1),
(42, 42, 'Centro Educativo Integral', 2079, 1),
(43, 43, 'Escuela Comunitaria', 358, 0),
(44, 44, 'Liceo Nueva Colombia', 2932, 1),
(45, 45, 'Centro Tecnico Industrial', 751, 1),
(46, 46, 'Academia de Artes', 669, 0),
(47, 47, 'Instituto Bolivar', 2879, 0),
(48, 48, 'Colegio La Esperanza', 691, 0),
(49, 49, 'Escuela Francisco de Paula', 2787, 0),
(50, 50, 'Instituto Educativo Central', 845, 1),
(51, 51, 'Centro de Votacion Municipal', 2616, 0),
(52, 52, 'Centro Escolar El Bosque', 559, 1),
(53, 53, 'Liceo Cultural', 1256, 0),
(54, 54, 'Instituto Educativo Central', 433, 0),
(55, 55, 'Centro Escolar El Bosque', 2760, 0),
(56, 56, 'Colegio Nacional', 81, 1),
(57, 57, 'Escuela Modelo', 2247, 0),
(58, 58, 'Instituto Tecnico Superior', 2168, 0),
(59, 59, 'Escuela Publica Los alamos', 932, 1),
(60, 60, 'Instituto Educativo Central', 1417, 1),
(61, 61, 'Escuela Modelo', 122, 0),
(62, 62, 'Liceo Nueva Colombia', 244, 0),
(63, 63, 'Centro Escolar El Bosque', 2436, 1),
(64, 64, 'Centro Tecnico Industrial', 2488, 0),
(65, 65, 'Escuela Modelo', 20, 1),
(66, 66, 'Centro de Votacion Municipal', 1252, 0),
(67, 67, 'Colegio La Esperanza', 2575, 0),
(68, 68, 'Instituto Bolivar', 2697, 0),
(69, 69, 'Instituto Bolivar', 2483, 0),
(70, 70, 'Gimnasio Moderno', 459, 0),
(71, 71, 'Colegio Nacional', 2941, 1),
(72, 72, 'Centro de Votacion Municipal', 2715, 0),
(73, 73, 'Liceo Nueva Colombia', 1777, 1),
(74, 74, 'Escuela Publica Los alamos', 207, 1),
(75, 75, 'Centro Tecnico Industrial', 1220, 1),
(76, 76, 'Gimnasio Moderno', 2487, 1),
(77, 77, 'Colegio La Esperanza', 2585, 0),
(78, 78, 'Liceo Cultural', 2402, 0),
(79, 79, 'Escuela Comunitaria', 1323, 1),
(80, 80, 'Escuela Francisco de Paula', 1627, 0),
(81, 81, 'Escuela Modelo', 1753, 1),
(82, 82, 'Centro Educativo Integral', 52, 0),
(83, 83, 'Centro Escolar El Bosque', 686, 1),
(84, 84, 'Escuela Campestre', 2989, 1),
(85, 85, 'Escuela Francisco de Paula', 2316, 1),
(86, 86, 'Escuela Modelo', 968, 0),
(87, 87, 'Colegio Nacional', 378, 0),
(88, 88, 'Escuela Campestre', 2028, 0),
(89, 89, 'Centro de Votacion Municipal', 958, 1),
(90, 90, 'Centro de Votacion Municipal', 1995, 0),
(91, 91, 'Liceo Cultural', 734, 0),
(92, 92, 'Escuela Comunitaria', 886, 1),
(93, 93, 'Colegio de Ciencias', 575, 1),
(94, 94, 'Instituto San Juan', 247, 1),
(95, 95, 'Colegio de Ciencias', 884, 1),
(96, 96, 'Instituto Tecnico Superior', 2131, 1),
(97, 97, 'Escuela Modelo', 2664, 1),
(98, 98, 'Escuela Modelo', 1131, 1),
(99, 99, 'Liceo Nueva Colombia', 2711, 1),
(100, 100, 'Instituto Tecnico Superior', 2746, 0),
(101, 101, 'Escuela Modelo', 2420, 0),
(102, 102, 'Gimnasio Moderno', 724, 1),
(103, 103, 'Instituto San Juan', 1599, 0),
(104, 104, 'Centro Educativo Integral', 905, 1),
(105, 105, 'Escuela Publica Los alamos', 750, 0),
(106, 106, 'Colegio de Ciencias', 117, 0),
(107, 107, 'Liceo Cultural', 468, 1),
(108, 108, 'Escuela Comunitaria', 1617, 1),
(109, 109, 'Centro Educativo Integral', 1546, 1),
(110, 110, 'Colegio Nacional', 99, 0),
(111, 111, 'Centro Educativo Integral', 1396, 0),
(112, 112, 'Colegio de Ciencias', 467, 0),
(113, 113, 'Instituto San Juan', 1392, 1),
(114, 114, 'Escuela Publica Los alamos', 556, 1),
(115, 115, 'Colegio La Esperanza', 719, 1),
(116, 116, 'Academia de Artes', 1496, 0),
(117, 117, 'Escuela Campestre', 1303, 1),
(118, 118, 'Centro Educativo Integral', 1727, 0),
(119, 119, 'Gimnasio Moderno', 954, 0),
(120, 120, 'Centro de Votacion Municipal', 975, 0),
(121, 121, 'Instituto Bolivar', 2710, 1),
(122, 122, 'Colegio de Ciencias', 2322, 1),
(123, 123, 'Escuela Campestre', 1348, 1),
(124, 124, 'Academia de Artes', 248, 1),
(125, 125, 'Gimnasio Moderno', 1915, 0),
(126, 126, 'Academia de Artes', 786, 1),
(127, 127, 'Colegio La Esperanza', 460, 1),
(128, 128, 'Centro Educativo Integral', 1615, 1),
(129, 129, 'Escuela Modelo', 1511, 0),
(130, 73, 'Centro Tecnico Industrial', 776, 0),
(131, 49, 'Liceo Cultural', 810, 1),
(132, 30, 'Escuela Francisco de Paula', 2171, 0),
(133, 112, 'Instituto Educativo Central', 98, 1),
(134, 82, 'Liceo Nueva Colombia', 2760, 1),
(135, 28, 'Liceo Nueva Colombia', 533, 0),
(136, 125, 'Instituto Bolivar', 93, 1),
(137, 78, 'Instituto Bolivar', 414, 1),
(138, 38, 'Liceo Nueva Colombia', 2125, 0),
(139, 73, 'Colegio Nacional', 2778, 0),
(140, 15, 'Colegio de Ciencias', 235, 0),
(141, 124, 'Instituto Educativo Central', 1346, 0),
(142, 83, 'Escuela Modelo', 1521, 1),
(143, 99, 'Escuela Publica Los alamos', 2769, 1),
(144, 47, 'Instituto San Juan', 2640, 1),
(145, 112, 'Liceo Nueva Colombia', 1712, 1),
(146, 60, 'Colegio La Esperanza', 948, 0),
(147, 125, 'Colegio Nacional', 479, 0),
(148, 81, 'Centro Educativo Integral', 1140, 1),
(149, 104, 'Escuela Francisco de Paula', 48, 1),
(150, 129, 'Instituto Educativo Central', 997, 1),
(151, 29, 'Academia de Artes', 1127, 1),
(152, 112, 'Centro Escolar El Bosque', 186, 0),
(153, 16, 'Escuela Publica Los alamos', 457, 1),
(154, 40, 'Centro Escolar El Bosque', 1245, 0),
(155, 22, 'Instituto Tecnico Superior', 2880, 0),
(156, 120, 'Colegio Nacional', 504, 0),
(157, 21, 'Academia de Artes', 1572, 0),
(158, 81, 'Academia de Artes', 149, 1),
(159, 84, 'Centro de Votacion Municipal', 376, 1),
(160, 65, 'Gimnasio Moderno', 2645, 0),
(161, 13, 'Escuela Francisco de Paula', 264, 1),
(162, 43, 'Instituto Bolivar', 2680, 0),
(163, 69, 'Instituto Tecnico Superior', 2580, 1),
(164, 115, 'Centro de Votacion Municipal', 586, 0),
(165, 114, 'Liceo Nueva Colombia', 2239, 0),
(166, 21, 'Escuela Francisco de Paula', 377, 0),
(167, 78, 'Colegio La Esperanza', 520, 0),
(168, 39, 'Instituto Tecnico Superior', 2284, 1),
(169, 21, 'Colegio La Esperanza', 370, 1),
(170, 51, 'Centro Educativo Integral', 969, 0),
(171, 96, 'Colegio Nacional', 1833, 0),
(172, 83, 'Escuela Publica Los alamos', 2389, 1),
(173, 101, 'Escuela Campestre', 2347, 1),
(174, 77, 'Instituto Tecnico Superior', 2310, 1),
(175, 26, 'Academia de Artes', 2605, 1),
(176, 7, 'Centro Educativo Integral', 747, 1),
(177, 92, 'Colegio La Esperanza', 2870, 0),
(178, 27, 'Centro Escolar El Bosque', 1987, 0),
(179, 22, 'Colegio Nacional', 554, 1),
(180, 2, 'Liceo Cultural', 2819, 0),
(181, 14, 'Colegio de Ciencias', 2752, 1),
(182, 97, 'Instituto Tecnico Superior', 1481, 1),
(183, 125, 'Escuela Campestre', 1255, 1),
(184, 18, 'Centro de Votacion Municipal', 912, 0),
(185, 106, 'Escuela Modelo', 996, 0),
(186, 123, 'Colegio Nacional', 1509, 1),
(187, 6, 'Escuela Campestre', 270, 1),
(188, 11, 'Colegio de Ciencias', 2023, 0),
(189, 4, 'Colegio de Ciencias', 1346, 0),
(190, 61, 'Centro Escolar El Bosque', 352, 0),
(191, 9, 'Colegio de Ciencias', 2732, 1),
(192, 22, 'Academia de Artes', 1156, 0),
(193, 58, 'Escuela Campestre', 630, 0),
(194, 76, 'Academia de Artes', 2908, 1),
(195, 92, 'Centro Educativo Integral', 2249, 1),
(196, 98, 'Instituto Bolivar', 1485, 1),
(197, 72, 'Instituto Bolivar', 446, 1),
(198, 43, 'Centro de Votacion Municipal', 1521, 1),
(199, 42, 'Liceo Cultural', 675, 0),
(200, 14, 'Instituto Educativo Central', 1843, 0);

-- --------------------------------------------------------

--
-- Estructura de tabla para la tabla `distritos`
--

CREATE TABLE `distritos` (
  `id_distrito` int(11) NOT NULL,
  `id_region` int(11) DEFAULT NULL,
  `nombre` varchar(100) NOT NULL
) ENGINE=InnoDB DEFAULT CHARSET=utf8mb4 COLLATE=utf8mb4_general_ci;

--
-- Volcado de datos para la tabla `distritos`
--

INSERT INTO `distritos` (`id_distrito`, `id_region`, `nombre`) VALUES
(1, 1, 'Leticia'),
(2, 1, 'Puerto Nariño'),
(3, 2, 'Medellín'),
(4, 2, 'Bello'),
(5, 2, 'Itagüí'),
(6, 2, 'Envigado'),
(7, 2, 'Apartadó'),
(8, 2, 'Turbo'),
(9, 2, 'Rionegro'),
(10, 2, 'La Ceja'),
(11, 2, 'Caucasia'),
(12, 2, 'El Bagre'),
(13, 3, 'Arauca'),
(14, 3, 'Saravena'),
(15, 4, 'Barranquilla'),
(16, 4, 'Soledad'),
(17, 4, 'Malambo'),
(18, 4, 'Puerto Colombia'),
(19, 4, 'Sabanalarga'),
(20, 5, 'Cartagena'),
(21, 5, 'Magangué'),
(22, 5, 'El Carmen de Bolívar'),
(23, 5, 'Turbaco'),
(24, 5, 'Arjona'),
(25, 5, 'Santa Rosa de Lima'),
(26, 6, 'Tunja'),
(27, 6, 'Duitama'),
(28, 6, 'Sogamoso'),
(29, 6, 'Chiquinquirá'),
(30, 6, 'Villa de Leyva'),
(31, 6, 'Paipa'),
(32, 6, 'Puerto Boyacá'),
(33, 7, 'Manizales'),
(34, 7, 'Villamaría'),
(35, 7, 'Chinchiná'),
(36, 7, 'La Dorada'),
(37, 8, 'Florencia'),
(38, 8, 'La Montañita'),
(39, 8, 'San Vicente del Caguán'),
(40, 9, 'Yopal'),
(41, 9, 'Aguazul'),
(42, 10, 'Popayán'),
(43, 10, 'Santander de Quilichao'),
(44, 10, 'Puerto Tejada'),
(45, 10, 'Guapi'),
(46, 10, 'Cajibío'),
(47, 10, 'Timbío'),
(48, 11, 'Valledupar'),
(49, 11, 'Aguachica'),
(50, 11, 'Bosconia'),
(51, 11, 'Curumaní'),
(52, 12, 'Quibdó'),
(53, 12, 'Istmina'),
(54, 12, 'Condoto'),
(55, 13, 'Montería'),
(56, 13, 'Sahagún'),
(57, 13, 'Lorica'),
(58, 13, 'Cereté'),
(59, 13, 'Tierralta'),
(60, 14, 'Soacha'),
(61, 14, 'Zipaquirá'),
(62, 14, 'Facatativá'),
(63, 14, 'Girardot'),
(64, 14, 'Fusagasugá'),
(65, 14, 'Chía'),
(66, 14, 'Cajicá'),
(67, 14, 'Mosquera'),
(68, 15, 'Inírida'),
(69, 16, 'San José del Guaviare'),
(70, 17, 'Neiva'),
(71, 17, 'Pitalito'),
(72, 17, 'Garzón'),
(73, 17, 'La Plata'),
(74, 18, 'Riohacha'),
(75, 18, 'Maicao'),
(76, 18, 'Uribia'),
(77, 19, 'Santa Marta'),
(78, 19, 'Ciénaga'),
(79, 19, 'El Banco'),
(80, 19, 'Fundación'),
(81, 20, 'Villavicencio'),
(82, 20, 'Acacías'),
(83, 20, 'Granada'),
(84, 20, 'Puerto López'),
(85, 20, 'San Martín'),
(86, 21, 'Pasto'),
(87, 21, 'Tumaco'),
(88, 21, 'Ipiales'),
(89, 21, 'La Unión'),
(90, 21, 'Túquerres'),
(91, 21, 'Sandoná'),
(92, 22, 'Cúcuta'),
(93, 22, 'Ocaña'),
(94, 22, 'Pamplona'),
(95, 22, 'Los Patios'),
(96, 22, 'Villa del Rosario'),
(97, 23, 'Mocoa'),
(98, 23, 'Puerto Asís'),
(99, 24, 'Armenia'),
(100, 24, 'Calarcá'),
(101, 25, 'Pereira'),
(102, 25, 'Dosquebradas'),
(103, 25, 'Santa Rosa de Cabal'),
(104, 26, 'San Andrés'),
(105, 27, 'Bucaramanga'),
(106, 27, 'Floridablanca'),
(107, 27, 'Piedecuesta'),
(108, 27, 'Girón'),
(109, 27, 'Barrancabermeja'),
(110, 27, 'Socorro'),
(111, 27, 'San Gil'),
(112, 28, 'Sincelejo'),
(113, 28, 'Corozal'),
(114, 28, 'Sampués'),
(115, 29, 'Ibagué'),
(116, 29, 'Espinal'),
(117, 29, 'Melgar'),
(118, 29, 'Honda'),
(119, 29, 'Lérida'),
(120, 30, 'Cali'),
(121, 30, 'Palmira'),
(122, 30, 'Buenaventura'),
(123, 30, 'Tuluá'),
(124, 30, 'Cartago'),
(125, 30, 'Buga'),
(126, 30, 'Yumbo'),
(127, 30, 'Jamundí'),
(128, 31, 'Mitú'),
(129, 32, 'Puerto Carreño');

-- --------------------------------------------------------

--
-- Estructura de tabla para la tabla `incidencias`
--

CREATE TABLE `incidencias` (
  `id_incidencia` int(11) NOT NULL,
  `id_mesa` int(11) DEFAULT NULL,
  `id_proceso` int(11) DEFAULT NULL,
  `tipo_incidencia` varchar(100) DEFAULT NULL,
  `fecha_reporte` timestamp NOT NULL DEFAULT current_timestamp(),
  `estado` varchar(20) DEFAULT NULL
) ENGINE=InnoDB DEFAULT CHARSET=utf8mb4 COLLATE=utf8mb4_general_ci;

--
-- Volcado de datos para la tabla `incidencias`
--

INSERT INTO `incidencias` (`id_incidencia`, `id_mesa`, `id_proceso`, `tipo_incidencia`, `fecha_reporte`, `estado`) VALUES
(1, 145, 1, 'Error en papeletas', '2024-11-24 22:19:58', 'Resuelta'),
(2, 228, 1, 'Falta de material', '2024-11-25 02:19:58', 'En revisión'),
(3, 355, 1, 'Falta de material', '2024-11-24 04:19:58', 'Resuelta'),
(4, 93, 1, 'Falta de material', '2024-11-24 13:19:58', 'Pendiente'),
(5, 372, 1, 'Conflicto en mesa', '2024-11-24 06:19:58', 'Resuelta'),
(6, 309, 1, 'Retraso en apertura', '2024-11-25 01:19:58', 'En revisión'),
(7, 40, 1, 'Conflicto en mesa', '2024-11-23 18:19:58', 'Pendiente'),
(8, 105, 1, 'Error en papeletas', '2024-11-23 03:19:58', 'Resuelta'),
(9, 215, 1, 'Retraso en apertura', '2024-11-23 15:19:58', 'Pendiente'),
(10, 319, 1, 'Conflicto en mesa', '2024-11-24 23:19:58', 'Resuelta'),
(11, 94, 1, 'Falta de material', '2024-11-24 10:19:58', 'Pendiente'),
(12, 301, 1, 'Error en papeletas', '2024-11-23 00:19:58', 'Resuelta'),
(13, 59, 1, 'Retraso en apertura', '2024-11-24 19:19:58', 'Pendiente'),
(14, 321, 1, 'Error en papeletas', '2024-11-23 21:19:58', 'Resuelta'),
(15, 85, 1, 'Conflicto en mesa', '2024-11-23 04:19:58', 'En revisión'),
(16, 112, 1, 'Falta de material', '2024-11-24 09:19:58', 'Pendiente'),
(17, 208, 1, 'Retraso en apertura', '2024-11-24 11:19:58', 'Resuelta'),
(18, 390, 1, 'Error en papeletas', '2024-11-23 20:19:58', 'En revisión'),
(19, 15, 1, 'Falta de material', '2024-11-23 13:19:58', 'Pendiente'),
(20, 275, 1, 'Conflicto en mesa', '2024-11-24 01:19:58', 'Resuelta');

-- --------------------------------------------------------

--
-- Estructura de tabla para la tabla `mesas_electorales`
--

CREATE TABLE `mesas_electorales` (
  `id_mesa` int(11) NOT NULL,
  `id_centro` int(11) DEFAULT NULL,
  `id_proceso` int(11) DEFAULT NULL,
  `numero_mesa` varchar(10) DEFAULT NULL,
  `presidente_mesa` varchar(100) DEFAULT NULL,
  `secretario` varchar(100) DEFAULT NULL
) ENGINE=InnoDB DEFAULT CHARSET=utf8mb4 COLLATE=utf8mb4_general_ci;

--
-- Volcado de datos para la tabla `mesas_electorales`
--

INSERT INTO `mesas_electorales` (`id_mesa`, `id_centro`, `id_proceso`, `numero_mesa`, `presidente_mesa`, `secretario`) VALUES
(1, 1, 1, 'M1', 'Carmen Martinez', 'Luis Perez'),
(2, 1, 1, 'M2', 'Carmen Rodriguez', 'Sofia Torres'),
(3, 1, 1, 'M3', 'Laura Lopez', 'Maria Torres'),
(4, 1, 1, 'M4', 'Luis Garcia', 'Miguel Sanchez'),
(5, 2, 1, 'M5', 'Sofia Garcia', 'Maria Sanchez'),
(6, 2, 1, 'M6', 'Pedro Garcia', 'Carmen Vargas'),
(7, 2, 1, 'M7', 'Sofia Martinez', 'Maria Vargas'),
(8, 3, 1, 'M8', 'Juan Ramirez', 'Juan Ramirez'),
(9, 3, 1, 'M9', 'Luis Rodriguez', 'Ana Perez'),
(10, 3, 1, 'M10', 'Carmen Garcia', 'Miguel Rodriguez'),
(11, 4, 1, 'M11', 'Sofia Sanchez', 'Luis Sanchez'),
(12, 4, 1, 'M12', 'Juan Perez', 'Luis Perez'),
(13, 5, 1, 'M13', 'Pedro Rodriguez', 'Carmen Vargas'),
(14, 5, 1, 'M14', 'Laura Perez', 'Sofia Sanchez'),
(15, 6, 1, 'M15', 'Carmen Ramirez', 'Carmen Garcia'),
(16, 6, 1, 'M16', 'Carmen Ramirez', 'Carmen Ramirez'),
(17, 7, 1, 'M17', 'Pedro Martinez', 'Laura Perez'),
(18, 7, 1, 'M18', 'Juan Lopez', 'Ana Torres'),
(19, 7, 1, 'M19', 'Sofia Perez', 'Juan Ramirez'),
(20, 7, 1, 'M20', 'Ana Ramirez', 'Laura Rodriguez'),
(21, 8, 1, 'M21', 'Jose Perez', 'Maria Lopez'),
(22, 8, 1, 'M22', 'Laura Rodriguez', 'Juan Sanchez'),
(23, 8, 1, 'M23', 'Jose Sanchez', 'Sofia Lopez'),
(24, 8, 1, 'M24', 'Pedro Lopez', 'Pedro Perez'),
(25, 9, 1, 'M25', 'Miguel Torres', 'Sofia Gonzalez'),
(26, 9, 1, 'M26', 'Juan Perez', 'Luis Torres'),
(27, 10, 1, 'M27', 'Miguel Sanchez', 'Pedro Sanchez'),
(28, 10, 1, 'M28', 'Ana Rodriguez', 'Miguel Rodriguez'),
(29, 11, 1, 'M29', 'Juan Ramirez', 'Maria Gonzalez'),
(30, 11, 1, 'M30', 'Ana Vargas', 'Sofia Garcia'),
(31, 12, 1, 'M31', 'Pedro Torres', 'Juan Ramirez'),
(32, 12, 1, 'M32', 'Juan Vargas', 'Carmen Sanchez'),
(33, 13, 1, 'M33', 'Carmen Perez', 'Luis Sanchez'),
(34, 13, 1, 'M34', 'Sofia Perez', 'Carmen Lopez'),
(35, 13, 1, 'M35', 'Carmen Sanchez', 'Sofia Perez'),
(36, 14, 1, 'M36', 'Ana Vargas', 'Maria Gonzalez'),
(37, 14, 1, 'M37', 'Luis Rodriguez', 'Carmen Torres'),
(38, 14, 1, 'M38', 'Jose Perez', 'Sofia Rodriguez'),
(39, 14, 1, 'M39', 'Maria Gonzalez', 'Maria Vargas'),
(40, 15, 1, 'M40', 'Luis Martinez', 'Ana Lopez'),
(41, 15, 1, 'M41', 'Sofia Martinez', 'Maria Lopez'),
(42, 16, 1, 'M42', 'Carmen Torres', 'Juan Rodriguez'),
(43, 16, 1, 'M43', 'Luis Garcia', 'Jose Perez'),
(44, 16, 1, 'M44', 'Laura Perez', 'Miguel Gonzalez'),
(45, 16, 1, 'M45', 'Laura Garcia', 'Laura Perez'),
(46, 17, 1, 'M46', 'Sofia Gonzalez', 'Pedro Vargas'),
(47, 17, 1, 'M47', 'Ana Gonzalez', 'Laura Martinez'),
(48, 18, 1, 'M48', 'Miguel Vargas', 'Ana Sanchez'),
(49, 18, 1, 'M49', 'Miguel Perez', 'Pedro Sanchez'),
(50, 18, 1, 'M50', 'Maria Rodriguez', 'Laura Martinez'),
(51, 18, 1, 'M51', 'Carmen Gonzalez', 'Carmen Ramirez'),
(52, 19, 1, 'M52', 'Jose Gonzalez', 'Pedro Vargas'),
(53, 19, 1, 'M53', 'Pedro Torres', 'Carmen Garcia'),
(54, 20, 1, 'M54', 'Miguel Lopez', 'Carmen Martinez'),
(55, 20, 1, 'M55', 'Ana Rodriguez', 'Sofia Ramirez'),
(56, 20, 1, 'M56', 'Luis Gonzalez', 'Maria Garcia'),
(57, 20, 1, 'M57', 'Carmen Garcia', 'Laura Martinez'),
(58, 21, 1, 'M58', 'Jose Perez', 'Luis Lopez'),
(59, 21, 1, 'M59', 'Juan Gonzalez', 'Pedro Rodriguez'),
(60, 22, 1, 'M60', 'Juan Gonzalez', 'Maria Rodriguez'),
(61, 22, 1, 'M61', 'Luis Perez', 'Maria Garcia'),
(62, 22, 1, 'M62', 'Juan Lopez', 'Carmen Lopez'),
(63, 22, 1, 'M63', 'Carmen Sanchez', 'Pedro Torres'),
(64, 23, 1, 'M64', 'Laura Rodriguez', 'Pedro Ramirez'),
(65, 23, 1, 'M65', 'Laura Torres', 'Miguel Perez'),
(66, 23, 1, 'M66', 'Pedro Sanchez', 'Miguel Martinez'),
(67, 24, 1, 'M67', 'Juan Ramirez', 'Miguel Lopez'),
(68, 24, 1, 'M68', 'Maria Perez', 'Ana Sanchez'),
(69, 24, 1, 'M69', 'Pedro Vargas', 'Laura Martinez'),
(70, 24, 1, 'M70', 'Juan Gonzalez', 'Sofia Sanchez'),
(71, 25, 1, 'M71', 'Maria Vargas', 'Carmen Lopez'),
(72, 25, 1, 'M72', 'Jose Lopez', 'Ana Lopez'),
(73, 25, 1, 'M73', 'Luis Sanchez', 'Jose Torres'),
(74, 25, 1, 'M74', 'Pedro Garcia', 'Luis Martinez'),
(75, 26, 1, 'M75', 'Laura Gonzalez', 'Carmen Vargas'),
(76, 26, 1, 'M76', 'Laura Sanchez', 'Ana Sanchez'),
(77, 27, 1, 'M77', 'Luis Lopez', 'Jose Lopez'),
(78, 27, 1, 'M78', 'Juan Sanchez', 'Juan Ramirez'),
(79, 27, 1, 'M79', 'Maria Vargas', 'Luis Gonzalez'),
(80, 28, 1, 'M80', 'Sofia Torres', 'Pedro Ramirez'),
(81, 28, 1, 'M81', 'Pedro Garcia', 'Sofia Martinez'),
(82, 28, 1, 'M82', 'Miguel Ramirez', 'Juan Ramirez'),
(83, 29, 1, 'M83', 'Carmen Sanchez', 'Miguel Garcia'),
(84, 29, 1, 'M84', 'Sofia Ramirez', 'Sofia Martinez'),
(85, 29, 1, 'M85', 'Juan Rodriguez', 'Ana Garcia'),
(86, 30, 1, 'M86', 'Ana Vargas', 'Luis Gonzalez'),
(87, 30, 1, 'M87', 'Miguel Martinez', 'Carmen Sanchez'),
(88, 31, 1, 'M88', 'Ana Perez', 'Sofia Garcia'),
(89, 31, 1, 'M89', 'Pedro Gonzalez', 'Juan Garcia'),
(90, 32, 1, 'M90', 'Luis Torres', 'Ana Ramirez'),
(91, 32, 1, 'M91', 'Miguel Ramirez', 'Laura Rodriguez'),
(92, 32, 1, 'M92', 'Luis Gonzalez', 'Miguel Garcia'),
(93, 33, 1, 'M93', 'Sofia Gonzalez', 'Maria Ramirez'),
(94, 33, 1, 'M94', 'Laura Gonzalez', 'Miguel Gonzalez'),
(95, 33, 1, 'M95', 'Carmen Ramirez', 'Juan Vargas'),
(96, 34, 1, 'M96', 'Carmen Torres', 'Pedro Gonzalez'),
(97, 34, 1, 'M97', 'Miguel Torres', 'Laura Rodriguez'),
(98, 35, 1, 'M98', 'Juan Sanchez', 'Ana Torres'),
(99, 35, 1, 'M99', 'Maria Sanchez', 'Miguel Rodriguez'),
(100, 36, 1, 'M100', 'Laura Torres', 'Pedro Vargas'),
(101, 36, 1, 'M101', 'Miguel Garcia', 'Maria Torres'),
(102, 36, 1, 'M102', 'Jose Garcia', 'Miguel Garcia'),
(103, 36, 1, 'M103', 'Miguel Lopez', 'Sofia Torres'),
(104, 37, 1, 'M104', 'Ana Lopez', 'Carmen Lopez'),
(105, 37, 1, 'M105', 'Ana Martinez', 'Miguel Torres'),
(106, 38, 1, 'M106', 'Maria Lopez', 'Luis Gonzalez'),
(107, 38, 1, 'M107', 'Carmen Martinez', 'Miguel Garcia'),
(108, 38, 1, 'M108', 'Jose Martinez', 'Juan Lopez'),
(109, 39, 1, 'M109', 'Pedro Torres', 'Ana Ramirez'),
(110, 39, 1, 'M110', 'Jose Ramirez', 'Jose Torres'),
(111, 39, 1, 'M111', 'Luis Lopez', 'Juan Lopez'),
(112, 39, 1, 'M112', 'Maria Gonzalez', 'Juan Garcia'),
(113, 40, 1, 'M113', 'Pedro Gonzalez', 'Juan Torres'),
(114, 40, 1, 'M114', 'Luis Sanchez', 'Maria Perez'),
(115, 41, 1, 'M115', 'Jose Gonzalez', 'Luis Martinez'),
(116, 41, 1, 'M116', 'Miguel Ramirez', 'Juan Sanchez'),
(117, 42, 1, 'M117', 'Carmen Sanchez', 'Maria Rodriguez'),
(118, 42, 1, 'M118', 'Laura Ramirez', 'Ana Torres'),
(119, 42, 1, 'M119', 'Laura Sanchez', 'Luis Ramirez'),
(120, 43, 1, 'M120', 'Maria Martinez', 'Miguel Perez'),
(121, 43, 1, 'M121', 'Luis Perez', 'Miguel Rodriguez'),
(122, 43, 1, 'M122', 'Miguel Rodriguez', 'Maria Lopez'),
(123, 43, 1, 'M123', 'Maria Rodriguez', 'Sofia Perez'),
(124, 44, 1, 'M124', 'Maria Rodriguez', 'Sofia Garcia'),
(125, 44, 1, 'M125', 'Carmen Garcia', 'Maria Vargas'),
(126, 45, 1, 'M126', 'Maria Rodriguez', 'Ana Sanchez'),
(127, 45, 1, 'M127', 'Ana Martinez', 'Carmen Garcia'),
(128, 46, 1, 'M128', 'Pedro Sanchez', 'Ana Garcia'),
(129, 46, 1, 'M129', 'Ana Sanchez', 'Laura Martinez'),
(130, 47, 1, 'M130', 'Luis Lopez', 'Miguel Perez'),
(131, 47, 1, 'M131', 'Ana Torres', 'Jose Torres'),
(132, 47, 1, 'M132', 'Maria Perez', 'Maria Vargas'),
(133, 48, 1, 'M133', 'Laura Garcia', 'Pedro Rodriguez'),
(134, 48, 1, 'M134', 'Jose Garcia', 'Miguel Perez'),
(135, 48, 1, 'M135', 'Sofia Rodriguez', 'Pedro Sanchez'),
(136, 49, 1, 'M136', 'Juan Vargas', 'Pedro Perez'),
(137, 49, 1, 'M137', 'Luis Torres', 'Carmen Sanchez'),
(138, 50, 1, 'M138', 'Maria Gonzalez', 'Laura Torres'),
(139, 50, 1, 'M139', 'Carmen Rodriguez', 'Sofia Torres'),
(140, 50, 1, 'M140', 'Maria Garcia', 'Maria Martinez'),
(141, 50, 1, 'M141', 'Miguel Perez', 'Pedro Lopez'),
(142, 51, 1, 'M142', 'Sofia Vargas', 'Pedro Lopez'),
(143, 51, 1, 'M143', 'Luis Martinez', 'Sofia Rodriguez'),
(144, 51, 1, 'M144', 'Ana Lopez', 'Luis Gonzalez'),
(145, 52, 1, 'M145', 'Laura Torres', 'Juan Ramirez'),
(146, 52, 1, 'M146', 'Maria Sanchez', 'Laura Sanchez'),
(147, 53, 1, 'M147', 'Jose Rodriguez', 'Miguel Gonzalez'),
(148, 53, 1, 'M148', 'Ana Gonzalez', 'Laura Ramirez'),
(149, 53, 1, 'M149', 'Pedro Rodriguez', 'Carmen Perez'),
(150, 53, 1, 'M150', 'Miguel Lopez', 'Jose Gonzalez'),
(151, 54, 1, 'M151', 'Maria Garcia', 'Sofia Lopez'),
(152, 54, 1, 'M152', 'Luis Lopez', 'Sofia Ramirez'),
(153, 54, 1, 'M153', 'Luis Lopez', 'Miguel Rodriguez'),
(154, 55, 1, 'M154', 'Miguel Martinez', 'Carmen Rodriguez'),
(155, 55, 1, 'M155', 'Jose Perez', 'Sofia Torres'),
(156, 56, 1, 'M156', 'Sofia Vargas', 'Jose Garcia'),
(157, 56, 1, 'M157', 'Luis Sanchez', 'Miguel Ramirez'),
(158, 57, 1, 'M158', 'Sofia Vargas', 'Jose Garcia'),
(159, 57, 1, 'M159', 'Laura Martinez', 'Laura Garcia'),
(160, 57, 1, 'M160', 'Ana Lopez', 'Juan Gonzalez'),
(161, 58, 1, 'M161', 'Laura Perez', 'Miguel Garcia'),
(162, 58, 1, 'M162', 'Pedro Vargas', 'Laura Vargas'),
(163, 58, 1, 'M163', 'Ana Lopez', 'Laura Ramirez'),
(164, 59, 1, 'M164', 'Carmen Rodriguez', 'Ana Martinez'),
(165, 59, 1, 'M165', 'Sofia Garcia', 'Jose Garcia'),
(166, 59, 1, 'M166', 'Laura Sanchez', 'Sofia Garcia'),
(167, 59, 1, 'M167', 'Maria Ramirez', 'Maria Rodriguez'),
(168, 60, 1, 'M168', 'Juan Ramirez', 'Miguel Torres'),
(169, 60, 1, 'M169', 'Pedro Martinez', 'Jose Martinez'),
(170, 60, 1, 'M170', 'Jose Sanchez', 'Luis Vargas'),
(171, 60, 1, 'M171', 'Juan Ramirez', 'Sofia Sanchez'),
(172, 61, 1, 'M172', 'Laura Vargas', 'Ana Garcia'),
(173, 61, 1, 'M173', 'Juan Ramirez', 'Miguel Vargas'),
(174, 62, 1, 'M174', 'Pedro Lopez', 'Laura Martinez'),
(175, 62, 1, 'M175', 'Pedro Lopez', 'Ana Sanchez'),
(176, 63, 1, 'M176', 'Pedro Rodriguez', 'Sofia Lopez'),
(177, 63, 1, 'M177', 'Luis Martinez', 'Carmen Ramirez'),
(178, 63, 1, 'M178', 'Carmen Ramirez', 'Ana Lopez'),
(179, 63, 1, 'M179', 'Maria Vargas', 'Sofia Gonzalez'),
(180, 64, 1, 'M180', 'Miguel Ramirez', 'Miguel Garcia'),
(181, 64, 1, 'M181', 'Pedro Ramirez', 'Ana Perez'),
(182, 64, 1, 'M182', 'Luis Martinez', 'Ana Garcia'),
(183, 65, 1, 'M183', 'Laura Lopez', 'Ana Lopez'),
(184, 65, 1, 'M184', 'Juan Garcia', 'Miguel Vargas'),
(185, 65, 1, 'M185', 'Juan Vargas', 'Juan Sanchez'),
(186, 66, 1, 'M186', 'Luis Vargas', 'Luis Gonzalez'),
(187, 66, 1, 'M187', 'Juan Torres', 'Miguel Torres'),
(188, 66, 1, 'M188', 'Carmen Garcia', 'Ana Vargas'),
(189, 67, 1, 'M189', 'Maria Rodriguez', 'Laura Ramirez'),
(190, 67, 1, 'M190', 'Miguel Sanchez', 'Jose Rodriguez'),
(191, 67, 1, 'M191', 'Juan Vargas', 'Miguel Perez'),
(192, 68, 1, 'M192', 'Jose Torres', 'Ana Perez'),
(193, 68, 1, 'M193', 'Ana Garcia', 'Carmen Rodriguez'),
(194, 68, 1, 'M194', 'Luis Ramirez', 'Laura Gonzalez'),
(195, 69, 1, 'M195', 'Maria Lopez', 'Jose Torres'),
(196, 69, 1, 'M196', 'Ana Ramirez', 'Carmen Lopez'),
(197, 70, 1, 'M197', 'Pedro Ramirez', 'Luis Rodriguez'),
(198, 70, 1, 'M198', 'Laura Lopez', 'Sofia Ramirez'),
(199, 70, 1, 'M199', 'Ana Perez', 'Carmen Martinez'),
(200, 71, 1, 'M200', 'Luis Rodriguez', 'Sofia Perez'),
(201, 71, 1, 'M201', 'Sofia Gonzalez', 'Jose Garcia'),
(202, 71, 1, 'M202', 'Carmen Garcia', 'Laura Rodriguez'),
(203, 71, 1, 'M203', 'Carmen Vargas', 'Juan Martinez'),
(204, 72, 1, 'M204', 'Pedro Lopez', 'Maria Gonzalez'),
(205, 72, 1, 'M205', 'Sofia Lopez', 'Ana Perez'),
(206, 72, 1, 'M206', 'Maria Vargas', 'Jose Ramirez'),
(207, 73, 1, 'M207', 'Pedro Rodriguez', 'Juan Gonzalez'),
(208, 73, 1, 'M208', 'Pedro Vargas', 'Laura Sanchez'),
(209, 74, 1, 'M209', 'Maria Ramirez', 'Miguel Martinez'),
(210, 74, 1, 'M210', 'Luis Martinez', 'Maria Garcia'),
(211, 74, 1, 'M211', 'Maria Gonzalez', 'Laura Rodriguez'),
(212, 75, 1, 'M212', 'Luis Gonzalez', 'Ana Martinez'),
(213, 75, 1, 'M213', 'Luis Perez', 'Luis Gonzalez'),
(214, 75, 1, 'M214', 'Carmen Lopez', 'Ana Lopez'),
(215, 76, 1, 'M215', 'Miguel Lopez', 'Miguel Sanchez'),
(216, 76, 1, 'M216', 'Sofia Sanchez', 'Sofia Torres'),
(217, 76, 1, 'M217', 'Pedro Vargas', 'Jose Ramirez'),
(218, 76, 1, 'M218', 'Pedro Martinez', 'Juan Garcia'),
(219, 77, 1, 'M219', 'Jose Gonzalez', 'Sofia Gonzalez'),
(220, 77, 1, 'M220', 'Carmen Lopez', 'Luis Vargas'),
(221, 78, 1, 'M221', 'Miguel Gonzalez', 'Miguel Torres'),
(222, 78, 1, 'M222', 'Miguel Lopez', 'Sofia Vargas'),
(223, 79, 1, 'M223', 'Jose Vargas', 'Sofia Garcia'),
(224, 79, 1, 'M224', 'Maria Gonzalez', 'Sofia Vargas'),
(225, 79, 1, 'M225', 'Laura Vargas', 'Carmen Martinez'),
(226, 79, 1, 'M226', 'Pedro Sanchez', 'Miguel Rodriguez'),
(227, 80, 1, 'M227', 'Miguel Garcia', 'Juan Ramirez'),
(228, 80, 1, 'M228', 'Sofia Ramirez', 'Jose Sanchez'),
(229, 81, 1, 'M229', 'Maria Gonzalez', 'Miguel Gonzalez'),
(230, 81, 1, 'M230', 'Maria Martinez', 'Sofia Gonzalez'),
(231, 82, 1, 'M231', 'Luis Torres', 'Ana Sanchez'),
(232, 82, 1, 'M232', 'Luis Gonzalez', 'Jose Gonzalez'),
(233, 83, 1, 'M233', 'Ana Sanchez', 'Carmen Sanchez'),
(234, 83, 1, 'M234', 'Maria Perez', 'Maria Martinez'),
(235, 83, 1, 'M235', 'Sofia Vargas', 'Ana Garcia'),
(236, 84, 1, 'M236', 'Juan Garcia', 'Miguel Martinez'),
(237, 84, 1, 'M237', 'Juan Vargas', 'Juan Ramirez'),
(238, 85, 1, 'M238', 'Laura Torres', 'Carmen Rodriguez'),
(239, 85, 1, 'M239', 'Ana Sanchez', 'Pedro Gonzalez'),
(240, 86, 1, 'M240', 'Juan Rodriguez', 'Miguel Ramirez'),
(241, 86, 1, 'M241', 'Juan Vargas', 'Pedro Torres'),
(242, 86, 1, 'M242', 'Luis Perez', 'Jose Martinez'),
(243, 87, 1, 'M243', 'Laura Martinez', 'Jose Martinez'),
(244, 87, 1, 'M244', 'Sofia Martinez', 'Laura Sanchez'),
(245, 87, 1, 'M245', 'Maria Lopez', 'Maria Rodriguez'),
(246, 88, 1, 'M246', 'Miguel Lopez', 'Carmen Torres'),
(247, 88, 1, 'M247', 'Jose Lopez', 'Jose Garcia'),
(248, 88, 1, 'M248', 'Pedro Perez', 'Carmen Perez'),
(249, 88, 1, 'M249', 'Maria Garcia', 'Ana Perez'),
(250, 89, 1, 'M250', 'Pedro Sanchez', 'Luis Vargas'),
(251, 89, 1, 'M251', 'Carmen Torres', 'Laura Garcia'),
(252, 90, 1, 'M252', 'Pedro Sanchez', 'Ana Lopez'),
(253, 90, 1, 'M253', 'Miguel Gonzalez', 'Luis Gonzalez'),
(254, 90, 1, 'M254', 'Jose Perez', 'Laura Vargas'),
(255, 91, 1, 'M255', 'Carmen Sanchez', 'Miguel Martinez'),
(256, 91, 1, 'M256', 'Jose Perez', 'Sofia Gonzalez'),
(257, 91, 1, 'M257', 'Miguel Perez', 'Miguel Sanchez'),
(258, 92, 1, 'M258', 'Maria Martinez', 'Pedro Vargas'),
(259, 92, 1, 'M259', 'Pedro Sanchez', 'Juan Torres'),
(260, 93, 1, 'M260', 'Sofia Torres', 'Juan Gonzalez'),
(261, 93, 1, 'M261', 'Sofia Lopez', 'Luis Vargas'),
(262, 93, 1, 'M262', 'Sofia Gonzalez', 'Laura Lopez'),
(263, 93, 1, 'M263', 'Miguel Lopez', 'Carmen Ramirez'),
(264, 94, 1, 'M264', 'Carmen Garcia', 'Luis Sanchez'),
(265, 94, 1, 'M265', 'Sofia Perez', 'Luis Perez'),
(266, 94, 1, 'M266', 'Ana Lopez', 'Laura Gonzalez'),
(267, 94, 1, 'M267', 'Pedro Garcia', 'Maria Perez'),
(268, 95, 1, 'M268', 'Sofia Garcia', 'Juan Sanchez'),
(269, 95, 1, 'M269', 'Carmen Vargas', 'Juan Gonzalez'),
(270, 96, 1, 'M270', 'Carmen Ramirez', 'Laura Sanchez'),
(271, 96, 1, 'M271', 'Laura Torres', 'Luis Perez'),
(272, 97, 1, 'M272', 'Miguel Rodriguez', 'Ana Sanchez'),
(273, 97, 1, 'M273', 'Ana Torres', 'Ana Sanchez'),
(274, 98, 1, 'M274', 'Sofia Garcia', 'Ana Vargas'),
(275, 98, 1, 'M275', 'Sofia Perez', 'Laura Vargas'),
(276, 98, 1, 'M276', 'Maria Rodriguez', 'Juan Perez'),
(277, 99, 1, 'M277', 'Luis Ramirez', 'Maria Sanchez'),
(278, 99, 1, 'M278', 'Luis Lopez', 'Ana Rodriguez'),
(279, 99, 1, 'M279', 'Jose Garcia', 'Juan Garcia'),
(280, 99, 1, 'M280', 'Sofia Ramirez', 'Miguel Martinez'),
(281, 100, 1, 'M281', 'Luis Perez', 'Ana Gonzalez'),
(282, 100, 1, 'M282', 'Juan Rodriguez', 'Miguel Vargas'),
(283, 100, 1, 'M283', 'Laura Sanchez', 'Carmen Lopez'),
(284, 100, 1, 'M284', 'Carmen Torres', 'Pedro Sanchez'),
(285, 101, 1, 'M285', 'Maria Torres', 'Luis Sanchez'),
(286, 101, 1, 'M286', 'Pedro Ramirez', 'Sofia Gonzalez'),
(287, 101, 1, 'M287', 'Pedro Garcia', 'Jose Vargas'),
(288, 101, 1, 'M288', 'Luis Lopez', 'Sofia Torres'),
(289, 102, 1, 'M289', 'Juan Garcia', 'Sofia Perez'),
(290, 102, 1, 'M290', 'Ana Vargas', 'Juan Gonzalez'),
(291, 103, 1, 'M291', 'Juan Sanchez', 'Miguel Vargas'),
(292, 103, 1, 'M292', 'Jose Rodriguez', 'Carmen Lopez'),
(293, 103, 1, 'M293', 'Jose Rodriguez', 'Luis Perez'),
(294, 104, 1, 'M294', 'Luis Lopez', 'Carmen Martinez'),
(295, 104, 1, 'M295', 'Jose Lopez', 'Laura Ramirez'),
(296, 104, 1, 'M296', 'Juan Gonzalez', 'Ana Ramirez'),
(297, 105, 1, 'M297', 'Jose Sanchez', 'Ana Rodriguez'),
(298, 105, 1, 'M298', 'Miguel Rodriguez', 'Maria Ramirez'),
(299, 105, 1, 'M299', 'Juan Garcia', 'Pedro Ramirez'),
(300, 105, 1, 'M300', 'Pedro Garcia', 'Ana Rodriguez'),
(301, 106, 1, 'M301', 'Jose Garcia', 'Juan Garcia'),
(302, 106, 1, 'M302', 'Sofia Martinez', 'Carmen Martinez'),
(303, 107, 1, 'M303', 'Laura Garcia', 'Juan Torres'),
(304, 107, 1, 'M304', 'Pedro Perez', 'Ana Perez'),
(305, 107, 1, 'M305', 'Juan Martinez', 'Juan Sanchez'),
(306, 108, 1, 'M306', 'Luis Gonzalez', 'Luis Garcia'),
(307, 108, 1, 'M307', 'Laura Gonzalez', 'Jose Torres'),
(308, 108, 1, 'M308', 'Miguel Rodriguez', 'Sofia Ramirez'),
(309, 108, 1, 'M309', 'Ana Rodriguez', 'Jose Perez'),
(310, 109, 1, 'M310', 'Sofia Garcia', 'Miguel Sanchez'),
(311, 109, 1, 'M311', 'Carmen Vargas', 'Carmen Lopez'),
(312, 109, 1, 'M312', 'Juan Gonzalez', 'Ana Perez'),
(313, 110, 1, 'M313', 'Miguel Rodriguez', 'Jose Vargas'),
(314, 110, 1, 'M314', 'Pedro Vargas', 'Miguel Torres'),
(315, 110, 1, 'M315', 'Maria Torres', 'Carmen Martinez'),
(316, 110, 1, 'M316', 'Sofia Torres', 'Carmen Lopez'),
(317, 111, 1, 'M317', 'Carmen Torres', 'Laura Vargas'),
(318, 111, 1, 'M318', 'Juan Vargas', 'Ana Ramirez'),
(319, 111, 1, 'M319', 'Ana Perez', 'Jose Garcia'),
(320, 112, 1, 'M320', 'Pedro Perez', 'Maria Rodriguez'),
(321, 112, 1, 'M321', 'Jose Sanchez', 'Ana Lopez'),
(322, 112, 1, 'M322', 'Jose Torres', 'Sofia Ramirez'),
(323, 112, 1, 'M323', 'Miguel Martinez', 'Luis Gonzalez'),
(324, 113, 1, 'M324', 'Pedro Martinez', 'Juan Perez'),
(325, 113, 1, 'M325', 'Pedro Gonzalez', 'Sofia Torres'),
(326, 113, 1, 'M326', 'Sofia Lopez', 'Maria Gonzalez'),
(327, 113, 1, 'M327', 'Sofia Sanchez', 'Ana Sanchez'),
(328, 114, 1, 'M328', 'Ana Rodriguez', 'Pedro Sanchez'),
(329, 114, 1, 'M329', 'Laura Perez', 'Sofia Lopez'),
(330, 114, 1, 'M330', 'Jose Ramirez', 'Sofia Martinez'),
(331, 115, 1, 'M331', 'Juan Sanchez', 'Carmen Ramirez'),
(332, 115, 1, 'M332', 'Juan Gonzalez', 'Jose Vargas'),
(333, 115, 1, 'M333', 'Miguel Garcia', 'Jose Martinez'),
(334, 115, 1, 'M334', 'Miguel Garcia', 'Carmen Gonzalez'),
(335, 116, 1, 'M335', 'Laura Vargas', 'Laura Garcia'),
(336, 116, 1, 'M336', 'Carmen Sanchez', 'Luis Gonzalez'),
(337, 116, 1, 'M337', 'Miguel Torres', 'Miguel Sanchez'),
(338, 116, 1, 'M338', 'Sofia Sanchez', 'Ana Lopez'),
(339, 117, 1, 'M339', 'Maria Martinez', 'Luis Vargas'),
(340, 117, 1, 'M340', 'Maria Torres', 'Juan Vargas'),
(341, 117, 1, 'M341', 'Carmen Martinez', 'Jose Ramirez'),
(342, 118, 1, 'M342', 'Luis Rodriguez', 'Luis Lopez'),
(343, 118, 1, 'M343', 'Maria Vargas', 'Luis Rodriguez'),
(344, 118, 1, 'M344', 'Carmen Rodriguez', 'Miguel Torres'),
(345, 119, 1, 'M345', 'Maria Sanchez', 'Laura Ramirez'),
(346, 119, 1, 'M346', 'Juan Vargas', 'Ana Gonzalez'),
(347, 119, 1, 'M347', 'Luis Rodriguez', 'Laura Martinez'),
(348, 119, 1, 'M348', 'Pedro Perez', 'Jose Ramirez'),
(349, 120, 1, 'M349', 'Laura Martinez', 'Pedro Garcia'),
(350, 120, 1, 'M350', 'Luis Garcia', 'Laura Perez'),
(351, 120, 1, 'M351', 'Maria Sanchez', 'Luis Martinez'),
(352, 120, 1, 'M352', 'Sofia Garcia', 'Ana Garcia'),
(353, 121, 1, 'M353', 'Jose Martinez', 'Pedro Torres'),
(354, 121, 1, 'M354', 'Miguel Martinez', 'Jose Sanchez'),
(355, 122, 1, 'M355', 'Jose Garcia', 'Carmen Lopez'),
(356, 122, 1, 'M356', 'Maria Sanchez', 'Maria Perez'),
(357, 122, 1, 'M357', 'Luis Ramirez', 'Jose Rodriguez'),
(358, 123, 1, 'M358', 'Juan Martinez', 'Carmen Martinez'),
(359, 123, 1, 'M359', 'Miguel Ramirez', 'Laura Ramirez'),
(360, 123, 1, 'M360', 'Miguel Torres', 'Laura Ramirez'),
(361, 124, 1, 'M361', 'Jose Garcia', 'Miguel Sanchez'),
(362, 124, 1, 'M362', 'Maria Ramirez', 'Laura Vargas'),
(363, 125, 1, 'M363', 'Ana Perez', 'Maria Perez'),
(364, 125, 1, 'M364', 'Miguel Sanchez', 'Ana Gonzalez'),
(365, 125, 1, 'M365', 'Laura Sanchez', 'Luis Sanchez'),
(366, 126, 1, 'M366', 'Jose Rodriguez', 'Ana Torres'),
(367, 126, 1, 'M367', 'Sofia Gonzalez', 'Carmen Garcia'),
(368, 126, 1, 'M368', 'Maria Garcia', 'Miguel Rodriguez'),
(369, 127, 1, 'M369', 'Ana Perez', 'Miguel Martinez'),
(370, 127, 1, 'M370', 'Luis Martinez', 'Miguel Martinez'),
(371, 128, 1, 'M371', 'Luis Rodriguez', 'Sofia Vargas'),
(372, 128, 1, 'M372', 'Carmen Garcia', 'Juan Perez'),
(373, 128, 1, 'M373', 'Luis Torres', 'Ana Martinez'),
(374, 129, 1, 'M374', 'Juan Garcia', 'Maria Garcia'),
(375, 129, 1, 'M375', 'Juan Lopez', 'Carmen Garcia'),
(376, 129, 1, 'M376', 'Luis Perez', 'Juan Martinez'),
(377, 130, 1, 'M377', 'Luis Rodriguez', 'Ana Ramirez'),
(378, 130, 1, 'M378', 'Ana Lopez', 'Miguel Sanchez'),
(379, 130, 1, 'M379', 'Ana Ramirez', 'Carmen Sanchez'),
(380, 130, 1, 'M380', 'Laura Ramirez', 'Miguel Gonzalez'),
(381, 131, 1, 'M381', 'Sofia Vargas', 'Laura Garcia'),
(382, 131, 1, 'M382', 'Miguel Garcia', 'Maria Gonzalez'),
(383, 131, 1, 'M383', 'Luis Gonzalez', 'Miguel Gonzalez'),
(384, 132, 1, 'M384', 'Juan Vargas', 'Jose Perez'),
(385, 132, 1, 'M385', 'Jose Martinez', 'Sofia Lopez'),
(386, 132, 1, 'M386', 'Juan Vargas', 'Maria Perez'),
(387, 133, 1, 'M387', 'Carmen Perez', 'Juan Sanchez'),
(388, 133, 1, 'M388', 'Pedro Vargas', 'Maria Garcia'),
(389, 133, 1, 'M389', 'Miguel Martinez', 'Ana Ramirez'),
(390, 134, 1, 'M390', 'Pedro Sanchez', 'Miguel Gonzalez'),
(391, 134, 1, 'M391', 'Sofia Vargas', 'Pedro Rodriguez'),
(392, 134, 1, 'M392', 'Sofia Sanchez', 'Maria Lopez'),
(393, 134, 1, 'M393', 'Juan Gonzalez', 'Maria Vargas'),
(394, 135, 1, 'M394', 'Juan Sanchez', 'Maria Garcia'),
(395, 135, 1, 'M395', 'Miguel Ramirez', 'Maria Ramirez'),
(396, 135, 1, 'M396', 'Luis Gonzalez', 'Juan Gonzalez'),
(397, 135, 1, 'M397', 'Miguel Martinez', 'Sofia Rodriguez'),
(398, 136, 1, 'M398', 'Sofia Lopez', 'Sofia Martinez'),
(399, 136, 1, 'M399', 'Ana Lopez', 'Carmen Gonzalez'),
(400, 137, 1, 'M400', 'Maria Garcia', 'Ana Martinez');

-- --------------------------------------------------------

--
-- Estructura de tabla para la tabla `observadores`
--

CREATE TABLE `observadores` (
  `id_observador` int(11) NOT NULL,
  `id_proceso` int(11) DEFAULT NULL,
  `nombre` varchar(100) NOT NULL,
  `apellidos` varchar(100) NOT NULL,
  `organizacion` varchar(200) DEFAULT NULL,
  `tipo_observador` varchar(50) DEFAULT NULL,
  `credencial` varchar(50) DEFAULT NULL,
  `fecha_acreditacion` date DEFAULT NULL
) ENGINE=InnoDB DEFAULT CHARSET=utf8mb4 COLLATE=utf8mb4_general_ci;

--
-- Volcado de datos para la tabla `observadores`
--

INSERT INTO `observadores` (`id_observador`, `id_proceso`, `nombre`, `apellidos`, `organizacion`, `tipo_observador`, `credencial`, `fecha_acreditacion`) VALUES
(1, 1, 'Luis', 'Hernández', 'Transparencia Electoral', 'Internacional', 'TE-001', '2024-05-15'),
(2, 1, 'María', 'Gómez', 'Transparencia Electoral', 'Internacional', 'TE-002', '2024-05-15'),
(3, 2, 'Carlos', 'López', 'Ciudadanos Unidos', 'Nacional', 'CU-001', '2024-06-20'),
(4, 2, 'Ana', 'Martínez', 'Ciudadanos Unidos', 'Nacional', 'CU-002', '2024-06-21'),
(5, 3, 'Jorge', 'Ramírez', 'Observatorio Democrático', 'Internacional', 'OD-001', '2024-08-01'),
(6, 3, 'Sofía', 'Vega', 'Observatorio Democrático', 'Internacional', 'OD-002', '2024-08-01'),
(7, 4, 'Miguel', 'Castro', 'Alianza Ciudadana', 'Nacional', 'AC-001', '2024-09-15'),
(8, 4, 'Lucía', 'Rivas', 'Alianza Ciudadana', 'Nacional', 'AC-002', '2024-09-16'),
(9, 5, 'Raúl', 'Morales', 'OEA', 'Internacional', 'OEA-001', '2024-10-25'),
(10, 6, 'Gabriela', 'Fernández', 'OEA', 'Internacional', 'OEA-002', '2024-11-20'),
(11, 7, 'Enrique', 'Ortiz', 'Transparencia Electoral', 'Nacional', 'TE-003', '2025-01-20'),
(12, 8, 'Paola', 'Díaz', 'Observatorio Democrático', 'Nacional', 'OD-003', '2025-02-15'),
(13, 9, 'Roberto', 'Guzmán', 'Ciudadanos Unidos', 'Nacional', 'CU-003', '2024-07-25'),
(14, 10, 'Andrea', 'Pérez', 'Alianza Ciudadana', 'Nacional', 'AC-003', '2024-10-25'),
(15, 10, 'César', 'Torres', 'OEA', 'Internacional', 'OEA-003', '2024-10-26');

-- --------------------------------------------------------

--
-- Estructura de tabla para la tabla `partidos_politicos`
--

CREATE TABLE `partidos_politicos` (
  `id_partido` int(11) NOT NULL,
  `nombre` varchar(100) NOT NULL,
  `fecha_registro` date DEFAULT NULL
) ENGINE=InnoDB DEFAULT CHARSET=utf8mb4 COLLATE=utf8mb4_general_ci;

--
-- Volcado de datos para la tabla `partidos_politicos`
--

INSERT INTO `partidos_politicos` (`id_partido`, `nombre`, `fecha_registro`) VALUES
(1, 'Centro Democrático', '2014-07-01'),
(2, 'Colombia Humana', '2018-03-11');

-- --------------------------------------------------------

--
-- Estructura de tabla para la tabla `procesos_electorales`
--

CREATE TABLE `procesos_electorales` (
  `id_proceso` int(11) NOT NULL,
  `nombre` varchar(200) NOT NULL,
  `fecha_inicio` date DEFAULT NULL,
  `fecha_fin` date DEFAULT NULL,
  `tipo_eleccion` varchar(50) DEFAULT NULL,
  `estado` varchar(20) DEFAULT NULL
) ENGINE=InnoDB DEFAULT CHARSET=utf8mb4 COLLATE=utf8mb4_general_ci;

--
-- Volcado de datos para la tabla `procesos_electorales`
--

INSERT INTO `procesos_electorales` (`id_proceso`, `nombre`, `fecha_inicio`, `fecha_fin`, `tipo_eleccion`, `estado`) VALUES
(1, 'Elecciones Presidenciales 2024', '2024-06-01', '2024-06-02', 'Ordinaria', 'Programada'),
(2, 'Elecciones Gubernamentales 2024', '2024-07-10', '2024-07-11', 'Ordinaria', 'Programada'),
(3, 'Elecciones Legislativas 2024', '2024-09-15', '2024-09-16', 'Ordinaria', 'En curso'),
(4, 'Elecciones Municipales 2024', '2024-10-05', '2024-10-06', 'Ordinaria', 'Programada'),
(5, 'Consulta Ciudadana 2024', '2024-11-20', '2024-11-21', 'Ordinaria', 'Finalizada'),
(6, 'Referéndum Constitucional', '2024-12-01', '2024-12-02', 'Ordinaria', 'Programada'),
(7, 'Elecciones Sindicales 2025', '2025-02-15', '2025-02-16', 'Ordinaria', 'En planeación'),
(8, 'Elección de Representantes Vecinales', '2025-03-01', '2025-03-02', 'Ordinaria', 'Finalizada'),
(9, 'Elección Extraordinaria Distrito 5', '2024-08-01', '2024-08-02', 'Atípica', 'Finalizada'),
(10, 'Elección Especial para Vacancia', '2024-11-10', '2024-11-11', 'Atípica', 'En curso');

-- --------------------------------------------------------

--
-- Estructura de tabla para la tabla `regiones`
--

CREATE TABLE `regiones` (
  `id_region` int(11) NOT NULL,
  `nombre` varchar(100) NOT NULL,
  `poblacion` int(11) DEFAULT NULL
) ENGINE=InnoDB DEFAULT CHARSET=utf8mb4 COLLATE=utf8mb4_general_ci;

--
-- Volcado de datos para la tabla `regiones`
--

INSERT INTO `regiones` (`id_region`, `nombre`, `poblacion`) VALUES
(1, 'Amazonas', 80000),
(2, 'Antioquia', 6810000),
(3, 'Arauca', 270000),
(4, 'Atlántico', 2530000),
(5, 'Bolívar', 2150000),
(6, 'Boyacá', 1300000),
(7, 'Caldas', 990000),
(8, 'Caquetá', 400000),
(9, 'Casanare', 420000),
(10, 'Cauca', 1400000),
(11, 'Cesar', 1200000),
(12, 'Chocó', 530000),
(13, 'Córdoba', 1800000),
(14, 'Cundinamarca', 3100000),
(15, 'Guainía', 45000),
(16, 'Guaviare', 85000),
(17, 'Huila', 1200000),
(18, 'La Guajira', 1000000),
(19, 'Magdalena', 1350000),
(20, 'Meta', 1100000),
(21, 'Nariño', 1850000),
(22, 'Norte de Santander', 1400000),
(23, 'Putumayo', 350000),
(24, 'Quindío', 550000),
(25, 'Risaralda', 970000),
(26, 'San Andrés y Providencia', 80000),
(27, 'Santander', 2250000),
(28, 'Sucre', 930000),
(29, 'Tolima', 1500000),
(30, 'Valle del Cauca', 4900000),
(31, 'Vaupés', 42000),
(32, 'Vichada', 100000);

-- --------------------------------------------------------

--
-- Estructura de tabla para la tabla `resultados_mesa`
--

CREATE TABLE `resultados_mesa` (
  `id_resultado` int(11) NOT NULL,
  `id_mesa` int(11) DEFAULT NULL,
  `id_candidato` int(11) DEFAULT NULL,
  `votos_obtenidos` int(11) DEFAULT NULL,
  `votos_nulos` int(11) DEFAULT NULL,
  `votos_blancos` int(11) DEFAULT NULL,
  `acta_procesada` tinyint(1) DEFAULT NULL
) ENGINE=InnoDB DEFAULT CHARSET=utf8mb4 COLLATE=utf8mb4_general_ci;

--
-- Volcado de datos para la tabla `resultados_mesa`
--

INSERT INTO `resultados_mesa` (`id_resultado`, `id_mesa`, `id_candidato`, `votos_obtenidos`, `votos_nulos`, `votos_blancos`, `acta_procesada`) VALUES
(1, 1, 1, 11, 2, 0, 1),
(2, 1, 2, 7, 0, 0, 1),
(3, 2, 1, 9, 0, 0, 1),
(4, 2, 2, 9, 0, 0, 0),
(5, 3, 1, 9, 0, 0, 1),
(6, 3, 2, 9, 0, 0, 1),
(7, 4, 1, 9, 0, 0, 1),
(8, 4, 2, 9, 1, 0, 1),
(9, 5, 1, 9, 3, 0, 0),
(10, 5, 2, 9, 1, 1, 0),
(11, 6, 1, 9, 1, 0, 1),
(12, 6, 2, 9, 0, 1, 1),
(13, 7, 1, 9, 1, 1, 1),
(14, 7, 2, 9, 0, 1, 0),
(15, 8, 1, 9, 1, 0, 0),
(16, 8, 2, 9, 0, 0, 1),
(17, 9, 1, 9, 1, 1, 0),
(18, 9, 2, 9, 0, 0, 0),
(19, 10, 1, 9, 0, 1, 1),
(20, 10, 2, 9, 1, 1, 1),
(21, 11, 1, 9, 1, 0, 1),
(22, 11, 2, 9, 0, 1, 1),
(23, 12, 1, 9, 1, 0, 1),
(24, 12, 2, 9, 0, 1, 0),
(25, 13, 1, 9, 1, 1, 1),
(26, 13, 2, 9, 0, 0, 0),
(27, 14, 1, 9, 1, 0, 1),
(28, 14, 2, 9, 1, 0, 0),
(29, 15, 1, 9, 0, 0, 1),
(30, 15, 2, 9, 0, 0, 1),
(31, 16, 1, 9, 1, 1, 0),
(32, 16, 2, 9, 0, 1, 0),
(33, 17, 1, 9, 0, 1, 0),
(34, 17, 2, 9, 1, 1, 0),
(35, 18, 1, 9, 0, 0, 1),
(36, 18, 2, 9, 0, 0, 1),
(37, 19, 1, 9, 1, 0, 1),
(38, 19, 2, 9, 1, 1, 0),
(39, 20, 1, 9, 0, 1, 0),
(40, 20, 2, 9, 0, 0, 0),
(41, 21, 1, 9, 1, 0, 1),
(42, 21, 2, 9, 1, 0, 0),
(43, 22, 1, 9, 0, 0, 1),
(44, 22, 2, 9, 1, 1, 0),
(45, 23, 1, 9, 0, 0, 0),
(46, 23, 2, 9, 0, 0, 1),
(47, 24, 1, 9, 1, 1, 0),
(48, 24, 2, 9, 0, 0, 1),
(49, 25, 1, 9, 0, 0, 0),
(50, 25, 2, 9, 1, 0, 0),
(51, 26, 1, 7, 1, 0, 1),
(52, 26, 2, 7, 0, 0, 1),
(53, 27, 1, 7, 0, 1, 1),
(54, 27, 2, 7, 0, 0, 1),
(55, 28, 1, 7, 0, 1, 1),
(56, 28, 2, 7, 1, 1, 1),
(57, 29, 1, 7, 1, 1, 0),
(58, 29, 2, 7, 1, 1, 0),
(59, 30, 1, 7, 0, 1, 0),
(60, 30, 2, 7, 0, 0, 1),
(61, 31, 1, 7, 1, 0, 1),
(62, 31, 2, 7, 0, 0, 0),
(63, 32, 1, 7, 0, 0, 0),
(64, 32, 2, 7, 1, 0, 0),
(65, 33, 1, 7, 0, 0, 0),
(66, 33, 2, 7, 1, 1, 0),
(67, 34, 1, 7, 1, 0, 0),
(68, 34, 2, 7, 0, 0, 1),
(69, 35, 1, 7, 1, 0, 1),
(70, 35, 2, 7, 0, 0, 1),
(71, 36, 1, 7, 1, 1, 1),
(72, 36, 2, 7, 1, 1, 0),
(73, 37, 1, 7, 1, 0, 1),
(74, 37, 2, 7, 0, 1, 0),
(75, 38, 1, 7, 0, 1, 0),
(76, 38, 2, 7, 1, 0, 0),
(77, 39, 1, 7, 0, 0, 1),
(78, 39, 2, 7, 0, 0, 1),
(79, 40, 1, 7, 0, 1, 1),
(80, 40, 2, 7, 0, 1, 0),
(81, 41, 1, 7, 1, 1, 1),
(82, 41, 2, 7, 0, 0, 1),
(83, 42, 1, 7, 0, 1, 0),
(84, 42, 2, 7, 0, 1, 1),
(85, 43, 1, 7, 0, 0, 0),
(86, 43, 2, 7, 1, 1, 0),
(87, 44, 1, 7, 0, 0, 1),
(88, 44, 2, 7, 0, 0, 1),
(89, 45, 1, 7, 0, 1, 0),
(90, 45, 2, 7, 0, 0, 1),
(91, 46, 1, 7, 0, 1, 1),
(92, 46, 2, 7, 1, 1, 0),
(93, 47, 1, 7, 0, 1, 1),
(94, 47, 2, 7, 1, 0, 1),
(95, 48, 1, 7, 0, 0, 0),
(96, 48, 2, 7, 0, 0, 1),
(97, 49, 1, 7, 1, 1, 1),
(98, 49, 2, 7, 0, 0, 0),
(99, 50, 1, 7, 0, 1, 1),
(100, 50, 2, 7, 1, 0, 0),
(101, 51, 1, 5, 1, 1, 0),
(102, 51, 2, 5, 0, 1, 1),
(103, 52, 1, 5, 1, 1, 1),
(104, 52, 2, 5, 0, 1, 1),
(105, 53, 1, 5, 1, 0, 1),
(106, 53, 2, 5, 0, 1, 0),
(107, 54, 1, 5, 1, 1, 1),
(108, 54, 2, 5, 1, 1, 1),
(109, 55, 1, 5, 1, 1, 0),
(110, 55, 2, 5, 0, 1, 1),
(111, 56, 1, 5, 0, 1, 0),
(112, 56, 2, 5, 0, 0, 1),
(113, 57, 1, 5, 1, 1, 0),
(114, 57, 2, 5, 0, 0, 0),
(115, 58, 1, 5, 0, 0, 0),
(116, 58, 2, 5, 0, 1, 1),
(117, 59, 1, 5, 0, 0, 0),
(118, 59, 2, 5, 0, 1, 0),
(119, 60, 1, 5, 0, 1, 1),
(120, 60, 2, 5, 1, 1, 0),
(121, 61, 1, 5, 1, 1, 0),
(122, 61, 2, 5, 1, 1, 0),
(123, 62, 1, 5, 1, 0, 0),
(124, 62, 2, 5, 0, 1, 0),
(125, 63, 1, 5, 1, 1, 0),
(126, 63, 2, 5, 0, 0, 0),
(127, 64, 1, 5, 0, 0, 1),
(128, 64, 2, 5, 0, 0, 1),
(129, 65, 1, 5, 0, 1, 0),
(130, 65, 2, 5, 1, 1, 0),
(131, 66, 1, 5, 0, 1, 1),
(132, 66, 2, 5, 0, 0, 1),
(133, 67, 1, 5, 1, 0, 0),
(134, 67, 2, 5, 1, 1, 0),
(135, 68, 1, 5, 1, 1, 0),
(136, 68, 2, 5, 0, 0, 0),
(137, 69, 1, 5, 0, 0, 1),
(138, 69, 2, 5, 0, 0, 1),
(139, 70, 1, 5, 1, 0, 0),
(140, 70, 2, 5, 1, 0, 1),
(141, 71, 1, 5, 0, 1, 1),
(142, 71, 2, 5, 0, 1, 1),
(143, 72, 1, 5, 1, 1, 1),
(144, 72, 2, 5, 0, 0, 0),
(145, 73, 1, 5, 0, 1, 0),
(146, 73, 2, 5, 0, 0, 1),
(147, 74, 1, 5, 0, 1, 1),
(148, 74, 2, 5, 1, 0, 1),
(149, 75, 1, 5, 1, 0, 1),
(150, 75, 2, 5, 0, 1, 1),
(151, 76, 1, 3, 0, 1, 0),
(152, 76, 2, 3, 0, 0, 1),
(153, 77, 1, 3, 1, 1, 1),
(154, 77, 2, 3, 1, 0, 1),
(155, 78, 1, 3, 0, 1, 1),
(156, 78, 2, 3, 1, 1, 0),
(157, 79, 1, 3, 0, 1, 0),
(158, 79, 2, 3, 0, 0, 1),
(159, 80, 1, 3, 1, 0, 0),
(160, 80, 2, 3, 1, 1, 0),
(161, 81, 1, 3, 0, 1, 0),
(162, 81, 2, 3, 1, 0, 0),
(163, 82, 1, 3, 1, 0, 0),
(164, 82, 2, 3, 0, 1, 1),
(165, 83, 1, 3, 1, 0, 0),
(166, 83, 2, 3, 0, 0, 1),
(167, 84, 1, 3, 1, 0, 1),
(168, 84, 2, 3, 1, 1, 0),
(169, 85, 1, 3, 1, 0, 0),
(170, 85, 2, 3, 0, 1, 1),
(171, 86, 1, 3, 1, 0, 1),
(172, 86, 2, 3, 0, 0, 1),
(173, 87, 1, 3, 1, 1, 0),
(174, 87, 2, 3, 0, 1, 1),
(175, 88, 1, 3, 1, 0, 1),
(176, 88, 2, 3, 1, 0, 1),
(177, 89, 1, 3, 1, 0, 0),
(178, 89, 2, 3, 1, 0, 1),
(179, 90, 1, 3, 0, 1, 0),
(180, 90, 2, 3, 1, 1, 1),
(181, 91, 1, 3, 1, 1, 0),
(182, 91, 2, 3, 0, 1, 0),
(183, 92, 1, 3, 1, 1, 0),
(184, 92, 2, 3, 1, 0, 0),
(185, 93, 1, 3, 1, 1, 1),
(186, 93, 2, 3, 1, 1, 1),
(187, 94, 1, 3, 0, 1, 1),
(188, 94, 2, 3, 0, 0, 1),
(189, 95, 1, 3, 1, 0, 1),
(190, 95, 2, 3, 1, 1, 0),
(191, 96, 1, 3, 1, 1, 0),
(192, 96, 2, 3, 0, 1, 1),
(193, 97, 1, 3, 1, 0, 0),
(194, 97, 2, 3, 0, 1, 0),
(195, 98, 1, 3, 1, 1, 0),
(196, 98, 2, 3, 0, 1, 1),
(197, 99, 1, 3, 1, 1, 1),
(198, 99, 2, 3, 0, 1, 1),
(199, 100, 1, 3, 0, 1, 1),
(200, 100, 2, 3, 0, 0, 0),
(201, 101, 1, 3, 1, 1, 0),
(202, 101, 2, 3, 0, 1, 0),
(203, 102, 1, 3, 1, 1, 1),
(204, 102, 2, 3, 1, 1, 1),
(205, 103, 1, 3, 1, 0, 1),
(206, 103, 2, 3, 1, 1, 0),
(207, 104, 1, 3, 0, 1, 1),
(208, 104, 2, 3, 0, 0, 0),
(209, 105, 1, 3, 0, 1, 1),
(210, 105, 2, 3, 0, 0, 0),
(211, 106, 1, 3, 0, 1, 1),
(212, 106, 2, 3, 0, 0, 1),
(213, 107, 1, 3, 0, 0, 0),
(214, 107, 2, 3, 0, 0, 0),
(215, 108, 1, 3, 0, 0, 1),
(216, 108, 2, 3, 0, 1, 0),
(217, 109, 1, 3, 0, 1, 1),
(218, 109, 2, 3, 0, 0, 1),
(219, 110, 1, 3, 0, 1, 1),
(220, 110, 2, 3, 0, 0, 1),
(221, 111, 1, 3, 0, 0, 0),
(222, 111, 2, 3, 0, 0, 1),
(223, 112, 1, 3, 0, 0, 0),
(224, 112, 2, 3, 0, 0, 1),
(225, 113, 1, 3, 0, 1, 1),
(226, 113, 2, 3, 0, 0, 1),
(227, 114, 1, 3, 0, 0, 1),
(228, 114, 2, 3, 0, 0, 0),
(229, 115, 1, 3, 0, 0, 1),
(230, 115, 2, 3, 0, 1, 0),
(231, 116, 1, 3, 0, 1, 0),
(232, 116, 2, 3, 0, 0, 0),
(233, 117, 1, 3, 0, 1, 1),
(234, 117, 2, 3, 0, 1, 1),
(235, 118, 1, 3, 0, 0, 1),
(236, 118, 2, 3, 0, 0, 0),
(237, 119, 1, 3, 0, 0, 0),
(238, 119, 2, 3, 0, 1, 1),
(239, 120, 1, 3, 0, 1, 1),
(240, 120, 2, 3, 0, 1, 0),
(241, 121, 1, 3, 0, 0, 1),
(242, 121, 2, 3, 0, 1, 1),
(243, 122, 1, 3, 0, 1, 1),
(244, 122, 2, 3, 0, 0, 0),
(245, 123, 1, 3, 0, 0, 1),
(246, 123, 2, 3, 0, 0, 0),
(247, 124, 1, 3, 0, 1, 0),
(248, 124, 2, 3, 0, 0, 1),
(249, 125, 1, 3, 0, 0, 0),
(250, 125, 2, 3, 0, 1, 1),
(251, 126, 1, 3, 0, 1, 0),
(252, 126, 2, 3, 0, 0, 1),
(253, 127, 1, 3, 0, 1, 1),
(254, 127, 2, 3, 0, 1, 1),
(255, 128, 1, 3, 0, 0, 1),
(256, 128, 2, 3, 0, 0, 0),
(257, 129, 1, 3, 0, 0, 1),
(258, 129, 2, 3, 0, 0, 0),
(259, 130, 1, 3, 0, 0, 0),
(260, 130, 2, 3, 0, 0, 0),
(261, 131, 1, 3, 0, 0, 1),
(262, 131, 2, 3, 0, 1, 1),
(263, 132, 1, 3, 0, 0, 1),
(264, 132, 2, 3, 0, 0, 1),
(265, 133, 1, 3, 0, 0, 1),
(266, 133, 2, 3, 0, 0, 0),
(267, 134, 1, 3, 0, 1, 1),
(268, 134, 2, 3, 0, 1, 0),
(269, 135, 1, 3, 0, 1, 0),
(270, 135, 2, 3, 0, 1, 1),
(271, 136, 1, 3, 0, 1, 1),
(272, 136, 2, 3, 0, 1, 0),
(273, 137, 1, 3, 0, 0, 0),
(274, 137, 2, 3, 0, 1, 1),
(275, 138, 1, 3, 0, 0, 1),
(276, 138, 2, 3, 0, 1, 0),
(277, 139, 1, 3, 0, 0, 1),
(278, 139, 2, 3, 0, 0, 0),
(279, 140, 1, 3, 0, 1, 0),
(280, 140, 2, 3, 0, 0, 1),
(281, 141, 1, 3, 0, 1, 0),
(282, 141, 2, 3, 0, 1, 0),
(283, 142, 1, 3, 0, 1, 0),
(284, 142, 2, 3, 0, 1, 0),
(285, 143, 1, 3, 0, 1, 1),
(286, 143, 2, 3, 0, 0, 0),
(287, 144, 1, 3, 0, 1, 0),
(288, 144, 2, 3, 0, 0, 1),
(289, 145, 1, 3, 0, 0, 0),
(290, 145, 2, 3, 0, 0, 1),
(291, 146, 1, 3, 0, 0, 1),
(292, 146, 2, 3, 0, 0, 1),
(293, 147, 1, 3, 0, 1, 1),
(294, 147, 2, 3, 0, 1, 1),
(295, 148, 1, 3, 0, 1, 0),
(296, 148, 2, 3, 0, 0, 0),
(297, 149, 1, 3, 0, 1, 1),
(298, 149, 2, 3, 0, 1, 1),
(299, 150, 1, 3, 0, 1, 0),
(300, 150, 2, 3, 0, 1, 1),
(301, 151, 1, 2, 0, 0, 0),
(302, 151, 2, 2, 0, 0, 0),
(303, 152, 1, 2, 0, 1, 1),
(304, 152, 2, 2, 0, 0, 0),
(305, 153, 1, 2, 0, 1, 1),
(306, 153, 2, 2, 0, 1, 0),
(307, 154, 1, 2, 0, 1, 0),
(308, 154, 2, 2, 0, 0, 1),
(309, 155, 1, 2, 0, 0, 1),
(310, 155, 2, 2, 0, 0, 1),
(311, 156, 1, 2, 0, 1, 1),
(312, 156, 2, 2, 0, 1, 0),
(313, 157, 1, 2, 0, 1, 1),
(314, 157, 2, 2, 0, 0, 1),
(315, 158, 1, 2, 0, 0, 0),
(316, 158, 2, 2, 0, 1, 0),
(317, 159, 1, 2, 0, 0, 0),
(318, 159, 2, 2, 0, 1, 0),
(319, 160, 1, 2, 0, 0, 0),
(320, 160, 2, 2, 0, 1, 1),
(321, 161, 1, 2, 0, 1, 1),
(322, 161, 2, 2, 0, 0, 1),
(323, 162, 1, 2, 0, 0, 1),
(324, 162, 2, 2, 0, 1, 1),
(325, 163, 1, 2, 0, 0, 0),
(326, 163, 2, 2, 0, 1, 0),
(327, 164, 1, 2, 0, 1, 1),
(328, 164, 2, 2, 0, 1, 1),
(329, 165, 1, 2, 0, 1, 0),
(330, 165, 2, 2, 0, 0, 1),
(331, 166, 1, 2, 0, 0, 1),
(332, 166, 2, 2, 0, 1, 0),
(333, 167, 1, 2, 0, 1, 0),
(334, 167, 2, 2, 0, 1, 1),
(335, 168, 1, 2, 0, 1, 1),
(336, 168, 2, 2, 0, 0, 1),
(337, 169, 1, 2, 0, 1, 0),
(338, 169, 2, 2, 0, 0, 0),
(339, 170, 1, 2, 0, 0, 0),
(340, 170, 2, 2, 0, 0, 0),
(341, 171, 1, 2, 0, 0, 0),
(342, 171, 2, 2, 0, 1, 0),
(343, 172, 1, 2, 0, 0, 1),
(344, 172, 2, 2, 0, 1, 0),
(345, 173, 1, 2, 0, 1, 1),
(346, 173, 2, 2, 0, 0, 1),
(347, 174, 1, 2, 0, 0, 1),
(348, 174, 2, 2, 0, 0, 0),
(349, 175, 1, 2, 0, 1, 1),
(350, 175, 2, 2, 0, 1, 0),
(351, 176, 1, 2, 0, 0, 0),
(352, 176, 2, 2, 0, 0, 0),
(353, 177, 1, 2, 0, 0, 1),
(354, 177, 2, 2, 0, 0, 0),
(355, 178, 1, 2, 0, 0, 1),
(356, 178, 2, 2, 0, 0, 1),
(357, 179, 1, 2, 0, 0, 1),
(358, 179, 2, 2, 0, 1, 1),
(359, 180, 1, 2, 0, 1, 0),
(360, 180, 2, 2, 0, 1, 0),
(361, 181, 1, 2, 0, 0, 0),
(362, 181, 2, 2, 0, 0, 1),
(363, 182, 1, 2, 0, 0, 0),
(364, 182, 2, 2, 0, 0, 1),
(365, 183, 1, 2, 0, 1, 1),
(366, 183, 2, 2, 0, 1, 0),
(367, 184, 1, 2, 0, 0, 0),
(368, 184, 2, 2, 0, 1, 0),
(369, 185, 1, 2, 0, 0, 0),
(370, 185, 2, 2, 0, 0, 0),
(371, 186, 1, 2, 0, 0, 0),
(372, 186, 2, 2, 0, 1, 1),
(373, 187, 1, 2, 0, 1, 1),
(374, 187, 2, 2, 0, 0, 0),
(375, 188, 1, 2, 0, 0, 1),
(376, 188, 2, 2, 0, 0, 1),
(377, 189, 1, 2, 0, 0, 1),
(378, 189, 2, 2, 0, 0, 0),
(379, 190, 1, 2, 0, 0, 0),
(380, 190, 2, 2, 0, 1, 1),
(381, 191, 1, 2, 0, 0, 0),
(382, 191, 2, 2, 0, 1, 1),
(383, 192, 1, 2, 0, 1, 0),
(384, 192, 2, 2, 0, 1, 1),
(385, 193, 1, 2, 0, 1, 0),
(386, 193, 2, 2, 0, 1, 0),
(387, 194, 1, 2, 0, 1, 0),
(388, 194, 2, 2, 0, 1, 1),
(389, 195, 1, 2, 0, 0, 0),
(390, 195, 2, 2, 0, 0, 1),
(391, 196, 1, 2, 0, 0, 1),
(392, 196, 2, 2, 0, 1, 1),
(393, 197, 1, 2, 0, 0, 0),
(394, 197, 2, 2, 0, 0, 0),
(395, 198, 1, 2, 0, 1, 0),
(396, 198, 2, 2, 0, 1, 0),
(397, 199, 1, 2, 0, 0, 0),
(398, 199, 2, 2, 0, 0, 0),
(399, 200, 1, 2, 0, 1, 1),
(400, 200, 2, 2, 0, 0, 0),
(401, 201, 1, 2, 0, 0, 0),
(402, 201, 2, 2, 0, 0, 1),
(403, 202, 1, 2, 0, 1, 1),
(404, 202, 2, 2, 0, 0, 0),
(405, 203, 1, 2, 0, 0, 0),
(406, 203, 2, 2, 0, 0, 1),
(407, 204, 1, 2, 0, 1, 1),
(408, 204, 2, 2, 0, 1, 1),
(409, 205, 1, 2, 0, 0, 0),
(410, 205, 2, 2, 0, 0, 1),
(411, 206, 1, 2, 0, 0, 0),
(412, 206, 2, 2, 0, 1, 0),
(413, 207, 1, 2, 0, 1, 0),
(414, 207, 2, 2, 0, 1, 1),
(415, 208, 1, 2, 0, 1, 1),
(416, 208, 2, 2, 0, 0, 1),
(417, 209, 1, 2, 0, 0, 0),
(418, 209, 2, 2, 0, 1, 0),
(419, 210, 1, 2, 0, 1, 1),
(420, 210, 2, 2, 0, 1, 0),
(421, 211, 1, 2, 0, 0, 0),
(422, 211, 2, 2, 0, 1, 0),
(423, 212, 1, 2, 0, 1, 0),
(424, 212, 2, 2, 0, 0, 1),
(425, 213, 1, 2, 0, 0, 0),
(426, 213, 2, 2, 0, 1, 1),
(427, 214, 1, 2, 0, 0, 1),
(428, 214, 2, 2, 0, 1, 0),
(429, 215, 1, 2, 0, 1, 1),
(430, 215, 2, 2, 0, 1, 1),
(431, 216, 1, 2, 0, 0, 1),
(432, 216, 2, 2, 0, 0, 1),
(433, 217, 1, 2, 0, 1, 1),
(434, 217, 2, 2, 0, 1, 0),
(435, 218, 1, 2, 0, 1, 1),
(436, 218, 2, 2, 0, 1, 0),
(437, 219, 1, 2, 0, 0, 1),
(438, 219, 2, 2, 0, 0, 1),
(439, 220, 1, 2, 0, 0, 0),
(440, 220, 2, 2, 0, 1, 1),
(441, 221, 1, 2, 0, 0, 0),
(442, 221, 2, 2, 0, 0, 0),
(443, 222, 1, 2, 0, 0, 1),
(444, 222, 2, 2, 0, 1, 0),
(445, 223, 1, 2, 0, 1, 1),
(446, 223, 2, 2, 0, 0, 1),
(447, 224, 1, 2, 0, 0, 0),
(448, 224, 2, 2, 0, 1, 0),
(449, 225, 1, 2, 0, 1, 1),
(450, 225, 2, 2, 0, 1, 0),
(451, 226, 1, 2, 0, 1, 1),
(452, 226, 2, 2, 0, 1, 1),
(453, 227, 1, 2, 0, 1, 0),
(454, 227, 2, 2, 0, 1, 1),
(455, 228, 1, 2, 0, 1, 0),
(456, 228, 2, 2, 0, 0, 0),
(457, 229, 1, 2, 0, 1, 1),
(458, 229, 2, 2, 0, 1, 0),
(459, 230, 1, 2, 0, 0, 0),
(460, 230, 2, 2, 0, 1, 1),
(461, 231, 1, 2, 0, 0, 1),
(462, 231, 2, 2, 0, 0, 1),
(463, 232, 1, 2, 0, 0, 0),
(464, 232, 2, 2, 0, 0, 0),
(465, 233, 1, 2, 0, 0, 1),
(466, 233, 2, 2, 0, 0, 0),
(467, 234, 1, 2, 0, 1, 1),
(468, 234, 2, 2, 0, 1, 0),
(469, 235, 1, 2, 0, 0, 0),
(470, 235, 2, 2, 0, 1, 1),
(471, 236, 1, 2, 0, 1, 0),
(472, 236, 2, 2, 0, 0, 1),
(473, 237, 1, 2, 0, 0, 1),
(474, 237, 2, 2, 0, 1, 1),
(475, 238, 1, 2, 0, 1, 0),
(476, 238, 2, 2, 0, 0, 0),
(477, 239, 1, 2, 0, 1, 0),
(478, 239, 2, 2, 0, 0, 1),
(479, 240, 1, 2, 0, 0, 1),
(480, 240, 2, 2, 0, 0, 0),
(481, 241, 1, 2, 0, 1, 1),
(482, 241, 2, 2, 0, 0, 0),
(483, 242, 1, 2, 0, 1, 0),
(484, 242, 2, 2, 0, 0, 1),
(485, 243, 1, 2, 0, 0, 0),
(486, 243, 2, 2, 0, 1, 1),
(487, 244, 1, 2, 0, 1, 0),
(488, 244, 2, 2, 0, 0, 0),
(489, 245, 1, 2, 0, 1, 1),
(490, 245, 2, 2, 0, 0, 1),
(491, 246, 1, 2, 0, 1, 1),
(492, 246, 2, 2, 0, 0, 0),
(493, 247, 1, 2, 0, 0, 0),
(494, 247, 2, 2, 0, 1, 1),
(495, 248, 1, 2, 0, 0, 1),
(496, 248, 2, 2, 0, 1, 0),
(497, 249, 1, 2, 0, 0, 1),
(498, 249, 2, 2, 0, 0, 0),
(499, 250, 1, 2, 0, 1, 0),
(500, 250, 2, 2, 0, 0, 0),
(501, 251, 1, 2, 0, 0, 1),
(502, 251, 2, 2, 0, 1, 0),
(503, 252, 1, 2, 0, 0, 0),
(504, 252, 2, 2, 0, 1, 1),
(505, 253, 1, 2, 0, 0, 0),
(506, 253, 2, 2, 0, 1, 1),
(507, 254, 1, 2, 0, 1, 0),
(508, 254, 2, 2, 0, 0, 0),
(509, 255, 1, 2, 0, 0, 0),
(510, 255, 2, 2, 0, 1, 0),
(511, 256, 1, 2, 0, 0, 0),
(512, 256, 2, 2, 0, 0, 0),
(513, 257, 1, 2, 0, 0, 0),
(514, 257, 2, 2, 0, 1, 1),
(515, 258, 1, 2, 0, 0, 1),
(516, 258, 2, 2, 0, 0, 0),
(517, 259, 1, 2, 0, 0, 0),
(518, 259, 2, 2, 0, 1, 1),
(519, 260, 1, 2, 0, 0, 0),
(520, 260, 2, 2, 0, 0, 1),
(521, 261, 1, 2, 0, 0, 0),
(522, 261, 2, 2, 0, 1, 0),
(523, 262, 1, 2, 0, 0, 0),
(524, 262, 2, 2, 0, 0, 0),
(525, 263, 1, 2, 0, 1, 1),
(526, 263, 2, 2, 0, 0, 0),
(527, 264, 1, 2, 0, 0, 1),
(528, 264, 2, 2, 0, 1, 1),
(529, 265, 1, 2, 0, 0, 1),
(530, 265, 2, 2, 0, 1, 0),
(531, 266, 1, 2, 0, 1, 0),
(532, 266, 2, 2, 0, 0, 0),
(533, 267, 1, 2, 0, 0, 1),
(534, 267, 2, 2, 0, 1, 1),
(535, 268, 1, 2, 0, 1, 0),
(536, 268, 2, 2, 0, 1, 0),
(537, 269, 1, 2, 0, 0, 1),
(538, 269, 2, 2, 0, 1, 1),
(539, 270, 1, 2, 0, 1, 0),
(540, 270, 2, 2, 0, 1, 1),
(541, 271, 1, 2, 0, 1, 1),
(542, 271, 2, 2, 0, 0, 0),
(543, 272, 1, 2, 0, 1, 0),
(544, 272, 2, 2, 0, 0, 0),
(545, 273, 1, 2, 0, 1, 0),
(546, 273, 2, 2, 0, 0, 0),
(547, 274, 1, 2, 0, 0, 1),
(548, 274, 2, 2, 0, 0, 1),
(549, 275, 1, 2, 0, 1, 1),
(550, 275, 2, 2, 0, 0, 1),
(551, 276, 1, 2, 0, 0, 1),
(552, 276, 2, 2, 0, 0, 1),
(553, 277, 1, 2, 0, 1, 1),
(554, 277, 2, 2, 0, 1, 0),
(555, 278, 1, 2, 0, 1, 1),
(556, 278, 2, 2, 0, 0, 1),
(557, 279, 1, 2, 0, 1, 0),
(558, 279, 2, 2, 0, 1, 1),
(559, 280, 1, 2, 0, 1, 1),
(560, 280, 2, 2, 0, 0, 1),
(561, 281, 1, 2, 0, 0, 0),
(562, 281, 2, 2, 0, 0, 1),
(563, 282, 1, 2, 0, 0, 0),
(564, 282, 2, 2, 0, 0, 0),
(565, 283, 1, 2, 0, 0, 0),
(566, 283, 2, 2, 0, 0, 0),
(567, 284, 1, 2, 0, 1, 1),
(568, 284, 2, 2, 0, 1, 1),
(569, 285, 1, 2, 0, 0, 1),
(570, 285, 2, 2, 0, 1, 0),
(571, 286, 1, 2, 0, 0, 1),
(572, 286, 2, 2, 0, 0, 0),
(573, 287, 1, 2, 0, 0, 0),
(574, 287, 2, 2, 0, 1, 0),
(575, 288, 1, 2, 0, 0, 0),
(576, 288, 2, 2, 0, 1, 0),
(577, 289, 1, 2, 0, 0, 0),
(578, 289, 2, 2, 0, 1, 0),
(579, 290, 1, 2, 0, 1, 0),
(580, 290, 2, 2, 0, 0, 0),
(581, 291, 1, 2, 0, 1, 1),
(582, 291, 2, 2, 0, 1, 0),
(583, 292, 1, 2, 0, 0, 1),
(584, 292, 2, 2, 0, 1, 0),
(585, 293, 1, 2, 0, 0, 1),
(586, 293, 2, 2, 0, 1, 0),
(587, 294, 1, 2, 0, 1, 1),
(588, 294, 2, 2, 0, 0, 0),
(589, 295, 1, 2, 0, 1, 0),
(590, 295, 2, 2, 0, 0, 1),
(591, 296, 1, 2, 0, 0, 1),
(592, 296, 2, 2, 0, 1, 0),
(593, 297, 1, 2, 0, 1, 1),
(594, 297, 2, 2, 0, 0, 1),
(595, 298, 1, 2, 0, 0, 0),
(596, 298, 2, 2, 0, 1, 0),
(597, 299, 1, 2, 0, 1, 0),
(598, 299, 2, 2, 0, 1, 1),
(599, 300, 1, 2, 0, 0, 1),
(600, 300, 2, 2, 0, 0, 0),
(601, 301, 1, 2, 0, 0, 0),
(602, 301, 2, 2, 0, 1, 0),
(603, 302, 1, 2, 0, 0, 0),
(604, 302, 2, 2, 0, 1, 1),
(605, 303, 1, 2, 0, 1, 0),
(606, 303, 2, 2, 0, 1, 0),
(607, 304, 1, 2, 0, 1, 0),
(608, 304, 2, 2, 0, 1, 0),
(609, 305, 1, 2, 0, 1, 0),
(610, 305, 2, 2, 0, 0, 0),
(611, 306, 1, 2, 0, 1, 0),
(612, 306, 2, 2, 0, 1, 0),
(613, 307, 1, 2, 0, 0, 1),
(614, 307, 2, 2, 0, 1, 1),
(615, 308, 1, 2, 0, 1, 0),
(616, 308, 2, 2, 0, 0, 0),
(617, 309, 1, 2, 0, 1, 1),
(618, 309, 2, 2, 0, 0, 1),
(619, 310, 1, 2, 0, 1, 0),
(620, 310, 2, 2, 0, 1, 1),
(621, 311, 1, 2, 0, 1, 0),
(622, 311, 2, 2, 0, 1, 1),
(623, 312, 1, 2, 0, 1, 0),
(624, 312, 2, 2, 0, 1, 1),
(625, 313, 1, 2, 0, 0, 0),
(626, 313, 2, 2, 0, 1, 1),
(627, 314, 1, 2, 0, 1, 1),
(628, 314, 2, 2, 0, 1, 1),
(629, 315, 1, 2, 0, 1, 1),
(630, 315, 2, 2, 0, 1, 0),
(631, 316, 1, 2, 0, 1, 1),
(632, 316, 2, 2, 0, 1, 1),
(633, 317, 1, 2, 0, 1, 0),
(634, 317, 2, 2, 0, 0, 0),
(635, 318, 1, 2, 0, 0, 0),
(636, 318, 2, 2, 0, 0, 1),
(637, 319, 1, 2, 0, 1, 1),
(638, 319, 2, 2, 0, 1, 0),
(639, 320, 1, 2, 0, 1, 1),
(640, 320, 2, 2, 0, 0, 1),
(641, 321, 1, 2, 0, 0, 1),
(642, 321, 2, 2, 0, 1, 1),
(643, 322, 1, 2, 0, 0, 1),
(644, 322, 2, 2, 0, 0, 0),
(645, 323, 1, 2, 0, 0, 0),
(646, 323, 2, 2, 0, 1, 0),
(647, 324, 1, 2, 0, 0, 1),
(648, 324, 2, 2, 0, 0, 1),
(649, 325, 1, 2, 0, 1, 1),
(650, 325, 2, 2, 0, 0, 1),
(651, 326, 1, 2, 0, 0, 1),
(652, 326, 2, 2, 0, 1, 1),
(653, 327, 1, 2, 0, 0, 1),
(654, 327, 2, 2, 0, 0, 0),
(655, 328, 1, 2, 0, 0, 0),
(656, 328, 2, 2, 0, 0, 0),
(657, 329, 1, 2, 0, 1, 1),
(658, 329, 2, 2, 0, 1, 1),
(659, 330, 1, 2, 0, 0, 0),
(660, 330, 2, 2, 0, 1, 0),
(661, 331, 1, 2, 0, 1, 0),
(662, 331, 2, 2, 0, 1, 1),
(663, 332, 1, 2, 0, 0, 1),
(664, 332, 2, 2, 0, 0, 0),
(665, 333, 1, 2, 0, 1, 0),
(666, 333, 2, 2, 0, 1, 0),
(667, 334, 1, 2, 0, 1, 1),
(668, 334, 2, 2, 0, 0, 0),
(669, 335, 1, 2, 0, 0, 1),
(670, 335, 2, 2, 0, 0, 1),
(671, 336, 1, 2, 0, 0, 0),
(672, 336, 2, 2, 0, 0, 0),
(673, 337, 1, 2, 0, 1, 0),
(674, 337, 2, 2, 0, 0, 0),
(675, 338, 1, 2, 0, 0, 1),
(676, 338, 2, 2, 0, 0, 0),
(677, 339, 1, 2, 0, 1, 0),
(678, 339, 2, 2, 0, 0, 0),
(679, 340, 1, 2, 0, 0, 1),
(680, 340, 2, 2, 0, 0, 0),
(681, 341, 1, 2, 0, 0, 1),
(682, 341, 2, 2, 0, 0, 0),
(683, 342, 1, 2, 0, 0, 0),
(684, 342, 2, 2, 0, 0, 1),
(685, 343, 1, 2, 0, 1, 1),
(686, 343, 2, 2, 0, 0, 0),
(687, 344, 1, 2, 0, 1, 0),
(688, 344, 2, 2, 0, 1, 1),
(689, 345, 1, 2, 0, 1, 1),
(690, 345, 2, 2, 0, 0, 0),
(691, 346, 1, 2, 0, 0, 1),
(692, 346, 2, 2, 0, 1, 1),
(693, 347, 1, 2, 0, 1, 1),
(694, 347, 2, 2, 0, 1, 0),
(695, 348, 1, 2, 0, 1, 1),
(696, 348, 2, 2, 0, 1, 1),
(697, 349, 1, 2, 0, 1, 1),
(698, 349, 2, 2, 0, 1, 1),
(699, 350, 1, 2, 0, 1, 1),
(700, 350, 2, 2, 0, 1, 0),
(701, 351, 1, 2, 0, 0, 1),
(702, 351, 2, 2, 0, 1, 1),
(703, 352, 1, 2, 0, 1, 0),
(704, 352, 2, 2, 0, 0, 1),
(705, 353, 1, 2, 0, 0, 0),
(706, 353, 2, 2, 0, 0, 1),
(707, 354, 1, 2, 0, 0, 1),
(708, 354, 2, 2, 0, 1, 1),
(709, 355, 1, 2, 0, 1, 1),
(710, 355, 2, 2, 0, 0, 0),
(711, 356, 1, 2, 0, 1, 0),
(712, 356, 2, 2, 0, 0, 0),
(713, 357, 1, 2, 0, 1, 1),
(714, 357, 2, 2, 0, 0, 1),
(715, 358, 1, 2, 0, 1, 1),
(716, 358, 2, 2, 0, 0, 0),
(717, 359, 1, 2, 0, 0, 0),
(718, 359, 2, 2, 0, 0, 1),
(719, 360, 1, 2, 0, 0, 1),
(720, 360, 2, 2, 0, 0, 0),
(721, 361, 1, 2, 0, 1, 1),
(722, 361, 2, 2, 0, 1, 0),
(723, 362, 1, 2, 0, 0, 0),
(724, 362, 2, 2, 0, 1, 1),
(725, 363, 1, 2, 0, 0, 1),
(726, 363, 2, 2, 0, 0, 0),
(727, 364, 1, 2, 0, 1, 1),
(728, 364, 2, 2, 0, 0, 0),
(729, 365, 1, 2, 0, 0, 1),
(730, 365, 2, 2, 0, 1, 0),
(731, 366, 1, 2, 0, 0, 1),
(732, 366, 2, 2, 0, 1, 0),
(733, 367, 1, 2, 0, 0, 0),
(734, 367, 2, 2, 0, 1, 0),
(735, 368, 1, 2, 0, 1, 0),
(736, 368, 2, 2, 0, 0, 1),
(737, 369, 1, 2, 0, 1, 0),
(738, 369, 2, 2, 0, 1, 0),
(739, 370, 1, 2, 0, 0, 0),
(740, 370, 2, 2, 0, 1, 0),
(741, 371, 1, 2, 0, 1, 0),
(742, 371, 2, 2, 0, 0, 0),
(743, 372, 1, 2, 0, 1, 1),
(744, 372, 2, 2, 0, 1, 1),
(745, 373, 1, 2, 0, 0, 1),
(746, 373, 2, 2, 0, 1, 0),
(747, 374, 1, 2, 0, 0, 0),
(748, 374, 2, 2, 0, 0, 0),
(749, 375, 1, 2, 0, 1, 1),
(750, 375, 2, 2, 0, 0, 0),
(751, 376, 1, 2, 0, 0, 0),
(752, 376, 2, 2, 0, 1, 1),
(753, 377, 1, 2, 0, 1, 1),
(754, 377, 2, 2, 0, 0, 1),
(755, 378, 1, 2, 0, 0, 1),
(756, 378, 2, 2, 0, 1, 1),
(757, 379, 1, 2, 0, 1, 0),
(758, 379, 2, 2, 0, 1, 1),
(759, 380, 1, 2, 0, 0, 0),
(760, 380, 2, 2, 0, 1, 1),
(761, 381, 1, 2, 0, 1, 0),
(762, 381, 2, 2, 0, 1, 0),
(763, 382, 1, 2, 0, 1, 1),
(764, 382, 2, 2, 0, 1, 0),
(765, 383, 1, 2, 0, 0, 1),
(766, 383, 2, 2, 0, 0, 1),
(767, 384, 1, 2, 0, 1, 0),
(768, 384, 2, 2, 0, 1, 0),
(769, 385, 1, 2, 0, 1, 0),
(770, 385, 2, 2, 0, 1, 1),
(771, 386, 1, 2, 0, 0, 1),
(772, 386, 2, 2, 0, 1, 1),
(773, 387, 1, 2, 0, 0, 1),
(774, 387, 2, 2, 0, 1, 0),
(775, 388, 1, 2, 0, 0, 1),
(776, 388, 2, 2, 0, 0, 0),
(777, 389, 1, 2, 0, 1, 1),
(778, 389, 2, 2, 0, 1, 0),
(779, 390, 1, 2, 0, 0, 0),
(780, 390, 2, 2, 0, 0, 1),
(781, 391, 1, 2, 0, 1, 1),
(782, 391, 2, 2, 0, 0, 0),
(783, 392, 1, 2, 0, 1, 0),
(784, 392, 2, 2, 0, 0, 0),
(785, 393, 1, 2, 0, 1, 1),
(786, 393, 2, 2, 0, 0, 1),
(787, 394, 1, 2, 0, 0, 0),
(788, 394, 2, 2, 0, 1, 1),
(789, 395, 1, 2, 0, 1, 0),
(790, 395, 2, 2, 0, 0, 0),
(791, 396, 1, 2, 0, 0, 0),
(792, 396, 2, 2, 0, 1, 1),
(793, 397, 1, 2, 0, 1, 0),
(794, 397, 2, 2, 0, 0, 0),
(795, 398, 1, 2, 0, 0, 1),
(796, 398, 2, 2, 0, 1, 0),
(797, 399, 1, 2, 0, 1, 1),
(798, 399, 2, 2, 0, 1, 0),
(799, 400, 1, 2, 0, 1, 0),
(800, 400, 2, 2, 0, 1, 0);

-- --------------------------------------------------------

--
-- Estructura de tabla para la tabla `votantes`
--

CREATE TABLE `votantes` (
  `id_votante` int(11) NOT NULL,
  `id_distrito` int(11) DEFAULT NULL,
  `dni` varchar(20) NOT NULL,
  `nombre` varchar(100) NOT NULL,
  `apellidos` varchar(100) NOT NULL,
  `fecha_nacimiento` date DEFAULT NULL
) ENGINE=InnoDB DEFAULT CHARSET=utf8mb4 COLLATE=utf8mb4_general_ci;

--
-- Volcado de datos para la tabla `votantes`
--

INSERT INTO `votantes` (`id_votante`, `id_distrito`, `dni`, `nombre`, `apellidos`, `fecha_nacimiento`) VALUES
(1, 29, '1466684707', 'Porfirio', 'Villalobos Llopis', '1995-12-19'),
(2, 21, '4939034623', 'René', 'Casado Gutiérrez', '1987-12-31'),
(3, 2, '9747038649', 'Javier', 'Montoya Peiró', '2004-11-24'),
(4, 20, '4505411721', 'Martín', 'Domínguez Perez', '1962-09-29'),
(5, 27, '8759053215', 'Adoración', 'Baena Ramos', '1974-01-16'),
(6, 30, '5327433872', 'Eligia', 'Seguí Padilla', '1961-01-19'),
(7, 29, '2258387480', 'Edgardo', 'Barón Barrera', '1978-02-13'),
(8, 6, '3444536806', 'Íngrid', 'Carvajal Pou', '1977-02-05'),
(9, 13, '4316320735', 'Eufemia', 'Jordán Elías', '1997-02-24'),
(10, 4, '8368508491', 'Andrea', 'Ibarra Villalobos', '1973-02-01'),
(11, 4, '3280722909', 'Benigna', 'Baró Pulido', '1978-02-13'),
(12, 17, '1040357878', 'Ignacia', 'Bastida Cid', '1987-02-14'),
(13, 17, '9857598975', 'Francisco', 'Vélez Meléndez', '1987-08-20'),
(14, 20, '1278125276', 'Alfonso', 'Herrero Rivas', '1968-10-10'),
(15, 7, '6564088904', 'Iker', 'Calvet Menendez', '1977-01-12'),
(16, 29, '4647877356', 'Samanta', 'Armas Portero', '1979-09-28'),
(17, 22, '7007807461', 'Faustino', 'Pacheco Pereira', '1979-09-03'),
(18, 30, '181759574', 'Samuel', 'Grande Peinado', '1983-01-11'),
(19, 12, '5097934243', 'Gregorio', 'Alvarado Blazquez', '1991-11-13'),
(20, 23, '5915334476', 'Sergio', 'Losada Manso', '1994-10-21'),
(21, 5, '3943000904', 'María Pilar', 'Gonzalez Canales', '1984-12-17'),
(22, 29, '9626926048', 'José', 'Valle Villena', '1972-01-15'),
(23, 7, '5477943864', 'Luciana', 'Cañete Solana', '2001-05-30'),
(24, 30, '8854204279', 'Javiera', 'Nieto Arcos', '1979-08-11'),
(25, 29, '7958425729', 'Jorge', 'Fuentes Garzón', '1974-02-11'),
(26, 27, '7833752209', 'Guillermo', 'Zorrilla Jiménez', '1999-11-06'),
(27, 20, '3044608073', 'Ruperto', 'Girona Cid', '1966-11-06'),
(28, 31, '386794567', 'Leonor', 'Sanz Zorrilla', '1991-08-21'),
(29, 6, '3381741645', 'Candelas', 'Asensio Fiol', '1976-04-20'),
(30, 7, '2548280128', 'Evangelina', 'Figuerola Ugarte', '1974-08-25'),
(31, 2, '4873529311', 'Fidela', 'Moraleda Gonzalez', '1962-07-25'),
(32, 10, '8084772460', 'Rita', 'Arana Benítez', '1965-08-08'),
(33, 14, '6463438053', 'Marta', 'Morán Porras', '1966-05-19'),
(34, 8, '3830354490', 'Agustín', 'Esteban Gallardo', '1961-09-14'),
(35, 21, '8716199001', 'Custodio', 'Nadal Ribera', '1967-07-09'),
(36, 6, '2361117185', 'Pilar', 'Zabaleta Alberto', '1976-07-11'),
(37, 30, '7251608605', 'Nazario', 'Sureda Valencia', '1977-11-07'),
(38, 27, '7427120096', 'Pacífica', 'Carretero Ribes', '1960-02-08'),
(39, 29, '2921096390', 'Ruben', 'Pedro Oliva', '1969-01-03'),
(40, 1, '3804842564', 'Carmelo', 'Merino Belda', '1968-04-11'),
(41, 25, '6764694647', 'César', 'Manzano Gonzalez', '1975-08-22'),
(42, 7, '6345156560', 'Pili', 'Amor Chaparro', '1987-08-11'),
(43, 17, '836255608', 'Ofelia', 'Criado Garriga', '2001-03-04'),
(44, 14, '635149757', 'Jose', 'Sanmiguel Llopis', '1982-09-15'),
(45, 22, '5745354940', 'Carmelo', 'Briones Jara', '1962-05-18'),
(46, 30, '1262498713', 'Aurora', 'Ramón Arnau', '1984-11-09'),
(47, 20, '2707882231', 'Mayte', 'Nebot Gámez', '1993-05-27'),
(48, 21, '8313305779', 'Tiburcio', 'Rozas Arteaga', '1995-03-28'),
(49, 14, '2979360096', 'Demetrio', 'Castells Roldan', '1961-02-12'),
(50, 7, '4032309521', 'Guadalupe', 'Baquero Viña', '1973-09-21'),
(51, 13, '5846833903', 'Rómulo', 'Borrego Amores', '1986-03-08'),
(52, 23, '9251324411', 'Xavier', 'Belmonte Montes', '1974-05-19'),
(53, 27, '5233864644', 'Tomasa', 'Niño Pagès', '1963-06-09'),
(54, 2, '7805663591', 'Araceli', 'Español Rubio', '1998-10-28'),
(55, 6, '4762146702', 'Eugenia', 'Toro Rodriguez', '1998-02-04'),
(56, 28, '9202378866', 'Humberto', 'Zamorano Laguna', '1979-08-28'),
(57, 28, '173266884', 'Jose Antonio', 'Mateu Adadia', '1995-10-24'),
(58, 13, '8526141003', 'Melisa', 'Ferrera Noriega', '1980-03-15'),
(59, 4, '5314702792', 'Rosalía', 'Álvaro Cerezo', '1987-08-16'),
(60, 27, '198086379', 'Joaquín', 'Perelló Casanova', '1963-07-13'),
(61, 2, '9030060248', 'Raimundo', 'Sanmiguel Alemán', '2001-02-10'),
(62, 3, '3531566367', 'Anunciación', 'Pedrosa Barón', '1979-08-02'),
(63, 2, '9817283402', 'Germán', 'Alcázar Santamaría', '1977-04-07'),
(64, 20, '5006218347', 'Maristela', 'Rivero Peña', '2004-08-03'),
(65, 2, '1959373785', 'Tamara', 'Yuste Marqués', '1969-10-10'),
(66, 30, '1066014392', 'Natalio', 'Calderon Mariscal', '1961-05-05'),
(67, 19, '8106056762', 'Clotilde', 'Ferreras Díez', '1972-11-06'),
(68, 31, '465380627', 'Primitiva', 'Gisbert Mariscal', '1969-07-05'),
(69, 6, '6141264617', 'Cintia', 'Ballesteros Raya', '2002-03-28'),
(70, 22, '3005092365', 'Celestina', 'Suárez Cortina', '1986-12-24'),
(71, 2, '2749807613', 'Zacarías', 'Rios Anglada', '2003-07-31'),
(72, 14, '1898329787', 'Maribel', 'Garzón Mendoza', '1998-02-12'),
(73, 9, '3111279791', 'Aurora', 'Giménez Moreno', '2005-07-01'),
(74, 4, '8194196378', 'Florentina', 'Hervás Viña', '1969-04-28'),
(75, 27, '2850066815', 'Erasmo', 'Rovira Noguera', '1961-12-07'),
(76, 14, '4927368473', 'Dominga', 'Palmer Collado', '1989-06-09'),
(77, 7, '7133591111', 'Ciro', 'Piñeiro Pineda', '1983-05-09'),
(78, 22, '3561449985', 'Albino', 'Tirado Rojas', '1966-08-01'),
(79, 1, '6564877420', 'Concha', 'Navarro Carreño', '1977-01-14'),
(80, 14, '3621979605', 'Maxi', 'Lasa Pujadas', '1996-09-28'),
(81, 9, '639744153', 'Diana', 'Mercader Verdú', '1978-05-26'),
(82, 14, '4119829469', 'Ale', 'Goicoechea Abella', '1960-05-03'),
(83, 32, '6502144996', 'Eli', 'Portillo Porras', '1964-02-27'),
(84, 25, '4288282161', 'Demetrio', 'Pombo Vara', '1973-08-24'),
(85, 10, '322366248', 'Guiomar', 'Ferrando Nadal', '1961-08-18'),
(86, 21, '4579390495', 'Belén', 'Barba Lorenzo', '1965-05-07'),
(87, 13, '9848508519', 'Elvira', 'Beltran Montoya', '1963-08-05'),
(88, 1, '6241175457', 'María Ángeles', 'Elorza Vélez', '1973-03-24'),
(89, 29, '8372711075', 'Felisa', 'Reina Cobo', '1963-04-27'),
(90, 10, '7430191989', 'Isidro', 'Losada León', '1961-01-15'),
(91, 27, '8142048856', 'Valero', 'Salas Lucena', '1986-06-26'),
(92, 22, '697125957', 'Lidia', 'Sanchez Chaves', '1987-05-03'),
(93, 22, '9148403949', 'Emigdio', 'Ocaña Aliaga', '1997-09-11'),
(94, 14, '3430248652', 'Marcia', 'Téllez Sánchez', '1986-01-22'),
(95, 10, '3964641601', 'Felipe', 'Batlle Lago', '1961-06-11'),
(96, 17, '6586487092', 'Bonifacio', 'Ferrero Fiol', '1973-09-08'),
(97, 26, '1949341504', 'Chuy', 'Cazorla Miralles', '1984-04-01'),
(98, 2, '735506683', 'Onofre', 'Quero Camps', '1991-09-09'),
(99, 17, '4634917518', 'Agustín', 'Fuentes Córdoba', '2006-01-13'),
(100, 11, '436611598', 'Elisa', 'Cárdenas Abad', '1985-09-28'),
(101, 4, '483699333', 'Maricela', 'Roca Gárate', '1994-10-29'),
(102, 20, '1364751383', 'Adelia', 'Valcárcel Ochoa', '1985-06-25'),
(103, 10, '520825830', 'Isaías', 'Salvà Benavente', '2005-05-06'),
(104, 14, '6636535341', 'Marino', 'Lamas Avilés', '1971-05-17'),
(105, 21, '1387371777', 'Epifanio', 'Priego Mariscal', '1994-08-14'),
(106, 13, '3510969640', 'Tomás', 'Llorens López', '1963-06-30'),
(107, 27, '5310759305', 'Hernando', 'Ibáñez Cal', '1987-01-02'),
(108, 8, '7692015091', 'Guadalupe', 'Vilanova Domínguez', '1972-08-06'),
(109, 30, '322889502', 'Perla', 'Cuéllar Briones', '1993-05-07'),
(110, 19, '3553324308', 'Cristian', 'Ferrer Julián', '1995-03-30'),
(111, 20, '1803318166', 'Constanza', 'Nieto Tur', '2006-08-18'),
(112, 12, '6899839564', 'Joaquín', 'Rojas Guardiola', '1996-08-06'),
(113, 2, '2213198005', 'Candelaria', 'Montalbán Real', '1961-11-17'),
(114, 12, '1453723061', 'Constanza', 'Sancho Alsina', '1993-06-07'),
(115, 16, '6136173390', 'Isa', 'Carrera Santana', '1992-06-11'),
(116, 10, '3006956201', 'Samuel', 'Valderrama Guzman', '1987-06-18'),
(117, 7, '3468639908', 'Rosalina', 'Alcántara Patiño', '1960-01-18'),
(118, 19, '616883914', 'Genoveva', 'Donoso Escribano', '1975-02-18'),
(119, 6, '6997253041', 'Nacio', 'Cuervo Boix', '1986-08-30'),
(120, 8, '7127735101', 'Albino', 'Naranjo Salvà', '1967-01-13'),
(121, 20, '7244525338', 'Sandalio', 'Conesa Beltran', '1995-06-23'),
(122, 7, '4024672592', 'Camilo', 'Chamorro Morán', '1998-07-16'),
(123, 8, '8759305846', 'Dominga', 'Ledesma Gutierrez', '1989-02-25'),
(124, 22, '6622228153', 'Miguela', 'Alegre Cuadrado', '1968-07-12'),
(125, 21, '3133766146', 'Gloria', 'Rosselló Iglesia', '1994-06-03'),
(126, 8, '8457072430', 'Flora', 'Castillo Martí', '2001-02-08'),
(127, 7, '2703750755', 'Flor', 'Blasco Luque', '1983-06-30'),
(128, 14, '3920956041', 'Jordana', 'Sainz Bravo', '1984-03-08'),
(129, 29, '3967043833', 'Joel', 'Querol Salvà', '1986-06-20'),
(130, 2, '2051282554', 'Calista', 'Estévez Amo', '2001-10-14'),
(131, 2, '6236320067', 'Ricardo', 'Bermejo Bartolomé', '2002-08-14'),
(132, 30, '6276690860', 'Emiliana', 'Ugarte Planas', '1996-10-10'),
(133, 11, '8226229353', 'Anselma', 'Valencia Correa', '1968-09-15'),
(134, 5, '9964823526', 'Corona', 'Ferrández Uribe', '1962-06-29'),
(135, 14, '6580494069', 'Isa', 'Zamora Abascal', '1987-01-08'),
(136, 27, '2764023878', 'Isabel', 'Gámez Peinado', '1963-06-05'),
(137, 5, '7282124062', 'Sol', 'Andrés Palomo', '1986-06-12'),
(138, 25, '6955867712', 'Itziar', 'Saura Arenas', '1961-12-24'),
(139, 20, '2890561281', 'Florencio', 'Losa Echeverría', '1983-03-19'),
(140, 6, '7956347883', 'Julio', 'Iglesias Esparza', '1995-07-11'),
(141, 2, '5983634041', 'Dorita', 'Prado Ferrández', '1969-06-12'),
(142, 11, '1263424253', 'Felicia', 'Huerta Cañas', '2006-05-30'),
(143, 21, '3721043139', 'Roxana', 'Ferreras Calderón', '1983-01-17'),
(144, 21, '1739036806', 'Juan Bautista', 'Bernal Mosquera', '1972-08-05'),
(145, 26, '2075769888', 'Xiomara', 'Nuñez Porcel', '1971-04-22'),
(146, 10, '5033088298', 'Dolores', 'Giralt Girón', '1983-04-05'),
(147, 10, '1589360763', 'Jacinto', 'Vargas Camino', '1997-12-31'),
(148, 5, '7347036704', 'Rafael', 'Paz Amigó', '2003-11-04'),
(149, 18, '1393185834', 'Emilia', 'Montes Torrent', '2006-03-06'),
(150, 2, '1124023059', 'Adrián', 'Ferrera Medina', '2002-08-22'),
(151, 11, '2676538990', 'Saturnina', 'Vila Benavente', '1967-08-07'),
(152, 17, '8220053705', 'Elena', 'Tomé Cózar', '1963-02-01'),
(153, 17, '9445267965', 'Perla', 'Múgica Guzman', '1978-03-18'),
(154, 8, '3407848229', 'Chema', 'Pascual Gallo', '1986-09-29'),
(155, 29, '1321048099', 'Máximo', 'Marin Santiago', '1967-03-19'),
(156, 30, '1407744889', 'Custodio', 'Gascón Durán', '1984-10-22'),
(157, 24, '6096636148', 'Luisa', 'Zamorano Cabanillas', '1976-02-07'),
(158, 27, '7725803230', 'Victorino', 'Molins Arroyo', '1960-12-27'),
(159, 9, '3636141134', 'Josefina', 'Canales Luque', '1965-10-28'),
(160, 30, '1519815008', 'Yago', 'Piñol Ángel', '1968-03-13'),
(161, 28, '6544331855', 'Chelo', 'Barrena Catalá', '1992-06-04'),
(162, 6, '4323857534', 'Poncio', 'Castilla Gutierrez', '1994-11-21'),
(163, 27, '5790974226', 'Fermín', 'Cerro Muro', '1997-10-29'),
(164, 30, '6133865128', 'Bautista', 'Morata Velázquez', '1988-03-03'),
(165, 22, '6194208236', 'Marc', 'Diez Chacón', '1993-06-04'),
(166, 6, '7327650795', 'Arcelia', 'Navas Losa', '1996-09-25'),
(167, 13, '7010127089', 'Luz', 'Roca Parra', '1981-06-28'),
(168, 17, '1237090718', 'Ani', 'Castells Mayo', '2001-09-14'),
(169, 27, '3910510841', 'Celestino', 'Roman Márquez', '1961-08-16'),
(170, 22, '3655073624', 'Sofía', 'Ariza Arnau', '1970-07-04'),
(171, 2, '7737905382', 'Ramón', 'Gras Guerra', '1964-11-05'),
(172, 27, '4116560057', 'Eleuterio', 'Carmona Moreno', '1981-06-29'),
(173, 22, '297394609', 'Adelardo', 'Morante Nieto', '1992-08-05'),
(174, 12, '8735058532', 'Herminio', 'Roig Esparza', '2006-04-22'),
(175, 20, '4726050504', 'Marcio', 'Luís Vizcaíno', '1995-08-10'),
(176, 18, '6944569427', 'Rolando', 'Trujillo Cobos', '1993-11-22'),
(177, 23, '4022894537', 'Teo', 'Sanchez Sainz', '1979-10-24'),
(178, 29, '7057256589', 'Eutimio', 'Agudo Castilla', '1984-10-27'),
(179, 32, '3022301088', 'Zaira', 'Peinado Maestre', '1974-02-16'),
(180, 8, '8888835194', 'Isaías', 'Duran Camacho', '1968-12-29'),
(181, 6, '270220402', 'Heraclio', 'Clemente Aguilar', '2002-07-22'),
(182, 2, '9899338895', 'Cirino', 'Barral Pi', '1960-06-12'),
(183, 29, '3803116808', 'Aurora', 'Hierro Ribes', '1977-10-01'),
(184, 2, '2102549070', 'Herminio', 'Sierra Ochoa', '1961-07-18'),
(185, 5, '2287126414', 'María Fernanda', 'Soto Quintero', '1995-03-11'),
(186, 23, '3032962874', 'Graciela', 'Sarmiento Elorza', '1972-03-10'),
(187, 11, '8159800657', 'Alexandra', 'Simó Montesinos', '1977-08-11'),
(188, 29, '6991066567', 'Alondra', 'Cerdá Pinilla', '1970-06-05'),
(189, 30, '4046450750', 'Máximo', 'Cisneros Bosch', '1994-08-31'),
(190, 2, '7481409303', 'Roberto', 'Hernando Calatayud', '1986-08-09'),
(191, 20, '8817982174', 'Ruperta', 'Espada Sabater', '1968-02-15'),
(192, 28, '7067026390', 'Gabino', 'Barroso Sebastián', '2006-09-05'),
(193, 30, '923712273', 'Venceslás', 'Gaya Estrada', '1961-11-20'),
(194, 3, '1399397445', 'Francisco Jose', 'Cortina Gargallo', '1987-12-05'),
(195, 13, '3786265850', 'Cosme', 'Roldán Morillo', '2004-08-14'),
(196, 12, '8913615651', 'Marcio', 'Guzman Cobo', '1975-12-27'),
(197, 27, '3851325366', 'Moreno', 'Parra Hidalgo', '1999-03-15'),
(198, 21, '2319984815', 'Miguel', 'Mena Lasa', '1988-05-01'),
(199, 6, '4819625680', 'Luciana', 'Sierra Ureña', '1974-10-15'),
(200, 12, '5983240787', 'Jose Miguel', 'Aller Méndez', '1977-08-29'),
(201, 12, '8011974471', 'Crescencia', 'Valentín Carnero', '1972-03-05'),
(202, 31, '8131540912', 'Elisabet', 'Ródenas Acedo', '1972-08-09'),
(203, 21, '2452611933', 'Valerio', 'Becerra Cáceres', '1963-09-01'),
(204, 30, '1422105453', 'Griselda', 'Solís Águila', '1993-10-06'),
(205, 7, '3087070528', 'Iker', 'Trujillo Morillo', '1969-04-21'),
(206, 30, '1043793884', 'Eustaquio', 'Anaya Cabello', '1969-01-23'),
(207, 1, '7701879782', 'Régulo', 'Ballester Fabra', '1971-09-08'),
(208, 13, '4485945642', 'María', 'Torrijos Solana', '1995-03-10'),
(209, 7, '6177751894', 'Isaura', 'Galvez Perales', '2005-04-23'),
(210, 11, '6504017397', 'Gil', 'Guzmán Prado', '1964-01-15'),
(211, 30, '173678976', 'Ale', 'Lobo Matas', '1975-12-22'),
(212, 14, '8257266440', 'Filomena', 'Bilbao Montes', '1967-05-07'),
(213, 20, '1976607407', 'Ovidio', 'Cánovas Gallo', '1998-09-20'),
(214, 19, '3726281358', 'Alonso', 'Company Diego', '1999-10-31'),
(215, 4, '7513092999', 'Gracia', 'Amador Bru', '1980-07-01'),
(216, 14, '5148976416', 'Leonel', 'Vidal Fernández', '1963-10-03'),
(217, 2, '8611033518', 'Severo', 'Soriano Blanch', '1974-03-19'),
(218, 29, '2146904864', 'Emelina', 'Cardona Codina', '1986-12-19'),
(219, 9, '8797881718', 'Eutropio', 'Cordero Carlos', '1973-12-31'),
(220, 22, '676047395', 'Roxana', 'Seguí Redondo', '1991-08-24'),
(221, 29, '599727985', 'Darío', 'Borrell Carmona', '1967-07-26'),
(222, 24, '5938144709', 'Cruz', 'Castilla Escrivá', '1962-09-29'),
(223, 10, '9109440041', 'Lorena', 'Antón Salom', '1969-02-23'),
(224, 13, '7400225889', 'Gisela', 'Ángel Río', '1976-10-25'),
(225, 30, '3133955750', 'Angelino', 'Marin Fernández', '1989-04-03'),
(226, 22, '5928272956', 'Horacio', 'Alcalde Escamilla', '1990-11-18'),
(227, 12, '2237646664', 'Eutimio', 'Luján Echeverría', '1966-09-24'),
(228, 6, '4681945845', 'Alonso', 'Prat Zamorano', '1969-06-18'),
(229, 22, '8254622145', 'Rosalina', 'Aguirre Morera', '1969-01-21'),
(230, 22, '9234729763', 'Luciano', 'Peña Castells', '1961-01-22'),
(231, 22, '2540048878', 'Juanita', 'Pedraza Olmo', '1985-10-15'),
(232, 6, '2813875271', 'Noa', 'Garmendia Ojeda', '1968-08-14'),
(233, 6, '6800904085', 'Palmira', 'Alegria Cabanillas', '1975-06-21'),
(234, 13, '8456298874', 'Diego', 'Cifuentes Llorens', '1972-11-16'),
(235, 21, '9992838175', 'Quique', 'Ponce Melero', '1968-10-06'),
(236, 19, '4411112448', 'Carlito', 'Costa Amigó', '1969-06-24'),
(237, 17, '8547414431', 'Baltasar', 'Rocamora Casal', '1984-07-08'),
(238, 5, '2638188618', 'Alejandra', 'Gual Uría', '1978-10-23'),
(239, 2, '259025044', 'Elena', 'Barriga Salazar', '1965-09-14'),
(240, 31, '6147051208', 'Rosalva', 'Alonso Revilla', '1975-06-04'),
(241, 14, '558292529', 'Rosalina', 'Lucena Campo', '1983-03-13'),
(242, 29, '5666930890', 'Rosario', 'Cuadrado Aguilera', '1974-12-28'),
(243, 6, '8016360263', 'Anacleto', 'Iborra Barral', '1968-05-19'),
(244, 15, '8662348343', 'Primitivo', 'Ramirez Valderrama', '1998-04-21'),
(245, 2, '7043053505', 'Rafa', 'Rocha Mendez', '2002-04-14'),
(246, 6, '4573635039', 'Venceslás', 'Oliveras Peral', '1979-04-17'),
(247, 9, '5351948170', 'Alexandra', 'Camino Cerro', '1976-12-25'),
(248, 8, '6278150728', 'Abilio', 'Cano Arregui', '1997-08-29'),
(249, 30, '526721134', 'Hipólito', 'Amor Revilla', '1997-08-01'),
(250, 2, '987202268', 'Vinicio', 'Pujadas Llorente', '1966-01-07'),
(251, 22, '2100171197', 'Teo', 'Villalonga Arnau', '1996-12-09'),
(252, 12, '8646323272', 'Cleto', 'Pazos Samper', '1967-03-16'),
(253, 20, '9226157294', 'Américo', 'Campoy Noriega', '1964-01-13'),
(254, 2, '1990525532', 'Gustavo', 'Verdugo Arnal', '1987-09-13'),
(255, 20, '1945461842', 'Jose Manuel', 'Balaguer Sevilla', '1975-06-29'),
(256, 29, '1426527399', 'Asdrubal', 'Maestre Paniagua', '1996-01-04'),
(257, 20, '8391882993', 'Amparo', 'Marín Flores', '1987-02-27'),
(258, 10, '751536075', 'Juliana', 'Ferrándiz Amat', '1961-01-30'),
(259, 13, '6722187363', 'Germán', 'Oller Álvarez', '2005-12-03'),
(260, 29, '5821113146', 'Teodosio', 'Román Izaguirre', '1993-08-29'),
(261, 28, '127492028', 'Dionisio', 'Adán Múgica', '1973-06-08'),
(262, 4, '3337210308', 'Elvira', 'Quevedo Crespi', '1989-10-20'),
(263, 22, '8254795082', 'Pili', 'Ruiz Prada', '1989-08-14'),
(264, 9, '3535587332', 'Cayetano', 'Osuna Baró', '1995-08-06'),
(265, 2, '9183593656', 'Ricarda', 'Taboada Alfonso', '1962-01-29'),
(266, 18, '5437447397', 'Severino', 'Roig Cabrera', '1981-01-12'),
(267, 13, '8439958401', 'Eugenia', 'Amaya Bauzà', '1967-10-28'),
(268, 8, '4512196250', 'Dionisia', 'Torralba Solsona', '1968-05-10'),
(269, 23, '8220264167', 'Anselmo', 'Aller Jáuregui', '1999-09-29'),
(270, 21, '9603340596', 'María Jesús', 'Bayo Lerma', '1998-12-20'),
(271, 21, '4307967688', 'Josep', 'Bastida Moliner', '1971-08-11'),
(272, 27, '4476631225', 'Emiliana', 'Valls Arellano', '2000-01-08'),
(273, 14, '9868240822', 'Paulina', 'Valdés Prat', '2001-02-20'),
(274, 5, '9550635971', 'Berto', 'Fiol Sierra', '2000-01-25'),
(275, 14, '6075558807', 'Elisa', 'Marco Calatayud', '1987-11-09'),
(276, 18, '8195122957', 'Conrado', 'Comas Garzón', '1992-11-23'),
(277, 3, '4505868105', 'Alexandra', 'Larrea Hurtado', '1975-10-09'),
(278, 5, '3568759026', 'María Belén', 'Mora Rueda', '1972-05-07'),
(279, 5, '9495895308', 'Jennifer', 'Villalba Mancebo', '1999-07-24'),
(280, 6, '6917243133', 'Noemí', 'Alcolea Bautista', '1977-11-13'),
(281, 14, '2836062669', 'Amancio', 'Gargallo Solera', '1963-05-14'),
(282, 6, '6509328939', 'Oriana', 'Duarte Camacho', '1965-12-14'),
(283, 14, '1764123125', 'Prudencia', 'Cuadrado Amorós', '2002-10-28'),
(284, 13, '6991219212', 'Claudio', 'Blanes Gutierrez', '1985-01-11'),
(285, 25, '480850393', 'Victor', 'Alonso Vara', '2002-06-29'),
(286, 21, '5411812236', 'Bienvenida', 'Chacón Cuevas', '1968-01-29'),
(287, 21, '3981874017', 'Concepción', 'Sacristán Vendrell', '1985-05-01'),
(288, 23, '8639472848', 'Francisco Jose', 'Barrio Amigó', '1977-07-21'),
(289, 21, '2319690275', 'Silvio', 'Sánchez Montero', '1992-02-07'),
(290, 22, '2862956630', 'Patricia', 'Escolano Fabregat', '1985-10-09'),
(291, 27, '2419909553', 'Marcelino', 'Quintana Bravo', '2003-12-27'),
(292, 30, '2868968361', 'Fausto', 'Vicente Valero', '2005-10-13'),
(293, 20, '9300104998', 'Herminia', 'Roda Vargas', '1970-02-18'),
(294, 17, '7525455135', 'Cristina', 'Tejada Ayllón', '1978-01-27'),
(295, 21, '8775196687', 'Pedro', 'Grande Carranza', '1977-06-30'),
(296, 28, '6790234805', 'Daniel', 'Pacheco Roldán', '1962-11-22'),
(297, 10, '1065630863', 'Amarilis', 'Luz Gomez', '1982-07-30'),
(298, 30, '7399650163', 'Paulino', 'Campo Seguí', '1999-06-08'),
(299, 10, '1710076377', 'Luís', 'Arrieta Robles', '2003-06-04'),
(300, 19, '6914144869', 'Rodolfo', 'Ibarra Landa', '2001-07-12'),
(301, 32, '1843864884', 'Juan Pablo', 'Santamaría Vidal', '1981-02-25'),
(302, 25, '651500993', 'Vicente', 'Alberdi Coronado', '1998-01-22'),
(303, 19, '1451775889', 'Rolando', 'Cisneros Cuesta', '1984-02-03'),
(304, 17, '7002154568', 'Leonardo', 'Casares Abad', '1994-02-03'),
(305, 18, '3344341915', 'Juan Pablo', 'Páez Valls', '1975-05-29'),
(306, 2, '2637454569', 'Silvia', 'Ruano Cervantes', '1977-06-27'),
(307, 4, '5992289064', 'Eutropio', 'Águila Salgado', '2000-11-09'),
(308, 6, '2472828483', 'Teodoro', 'Alonso Barroso', '1965-12-18'),
(309, 12, '1288059337', 'Iker', 'Carbajo Hurtado', '1984-03-28'),
(310, 30, '9468560641', 'Saturnino', 'Campoy Guerrero', '1974-05-31'),
(311, 4, '4296790158', 'Glauco', 'Ibarra Arranz', '1977-03-19'),
(312, 30, '9969553500', 'Ariadna', 'Busquets Pérez', '1982-07-09'),
(313, 22, '3007901950', 'Virginia', 'Daza Palomino', '1978-11-04'),
(314, 14, '7518239142', 'Ana Sofía', 'Coca Juárez', '1968-05-16'),
(315, 29, '2646900831', 'Timoteo', 'Monreal Angulo', '1973-01-17'),
(316, 4, '7288622002', 'Leocadio', 'Anaya Rico', '1987-04-04'),
(317, 6, '3629796890', 'Adoración', 'Tomé Bas', '1994-12-29'),
(318, 12, '9134438866', 'Juan', 'Arnaiz Acedo', '1987-03-01'),
(319, 2, '2367183914', 'Cleto', 'Llabrés Bernal', '1990-01-12'),
(320, 16, '5458345419', 'Asunción', 'Calvo Gonzalo', '1982-02-09'),
(321, 14, '2673821219', 'Zaira', 'Prado Peñas', '1977-12-06'),
(322, 28, '6639654460', 'Encarnita', 'Ibarra Priego', '2001-12-27'),
(323, 24, '6655275658', 'Mateo', 'Velázquez Piquer', '1998-06-30'),
(324, 5, '9931468938', 'Tecla', 'Bosch Morán', '1983-01-19'),
(325, 4, '6821920734', 'Mauricio', 'Avilés Cano', '1968-05-04'),
(326, 10, '2635809013', 'Lorenza', 'Escribano Barragán', '2006-09-04'),
(327, 8, '7649534322', 'Poncio', 'Hoz Pizarro', '1962-12-03'),
(328, 11, '1508654691', 'Calisto', 'Sánchez Bermudez', '1988-08-23'),
(329, 4, '265717272', 'Pepita', 'Prat Galan', '1988-07-24'),
(330, 30, '1350286222', 'Segismundo', 'Casas Cabo', '1994-12-02'),
(331, 3, '6782908070', 'Nacio', 'Perales Barba', '1985-09-07'),
(332, 2, '2085241563', 'Augusto', 'Amat Mascaró', '1969-02-21'),
(333, 8, '9872898758', 'Custodia', 'Ibáñez Escamilla', '1963-02-03'),
(334, 3, '8010903898', 'Mireia', 'Royo Rosado', '1993-10-01'),
(335, 2, '1762913595', 'Nacho', 'Ruano Juárez', '1970-11-28'),
(336, 14, '5629594379', 'Teo', 'Pascual Trillo', '1990-01-18'),
(337, 22, '3833102044', 'Concepción', 'Sanjuan Mendez', '1981-08-07'),
(338, 23, '4143603382', 'Gregorio', 'Velázquez Andres', '1988-10-29'),
(339, 10, '562021516', 'Rocío', 'Peiró Jordá', '1987-06-02'),
(340, 11, '8056867510', 'Miguela', 'Castrillo Espinosa', '1988-05-22'),
(341, 29, '1242063492', 'César', 'Puente Múñiz', '2000-12-21'),
(342, 4, '6907338834', 'Jenaro', 'Baeza Agullo', '2005-11-05'),
(343, 22, '1827489870', 'Roberta', 'Estévez Carrasco', '1971-10-19'),
(344, 8, '4948471590', 'Gerardo', 'Sans Roman', '1992-06-12'),
(345, 13, '6330560301', 'Salvador', 'Cañizares Molina', '2001-08-17'),
(346, 29, '4584157193', 'Amaro', 'Calleja Bermúdez', '1971-12-07'),
(347, 5, '9796522354', 'Cornelio', 'Bru Perales', '1994-02-24'),
(348, 17, '9668834868', 'Nayara', 'Villanueva Pont', '1963-12-23'),
(349, 18, '2305755109', 'Cándido', 'Sánchez Villalonga', '1986-11-06'),
(350, 19, '2400153865', 'Gustavo', 'Bernad Duran', '1999-03-21'),
(351, 5, '8339832512', 'Vicente', 'Alcalde Llano', '1990-04-03'),
(352, 32, '7379949185', 'Mónica', 'Jódar Córdoba', '2003-05-09'),
(353, 6, '7782433453', 'Carlos', 'Colom Cantero', '1971-02-05'),
(354, 26, '229657132', 'Benigna', 'Iglesias Granados', '1992-06-21'),
(355, 11, '1469524456', 'Tito', 'Oliva Polo', '1996-02-13'),
(356, 25, '4501528110', 'Casandra', 'Ordóñez Domingo', '1984-12-21'),
(357, 29, '8518642744', 'Aroa', 'Díez Menendez', '1968-08-07'),
(358, 10, '9119958881', 'Cecilia', 'Guerrero Vara', '1981-12-18'),
(359, 22, '8068740118', 'Porfirio', 'Ledesma Arévalo', '1962-01-13'),
(360, 13, '6138527266', 'Marcos', 'Pedrero Machado', '2004-04-11'),
(361, 18, '6301679332', 'Manola', 'Coello Figueras', '1965-02-11'),
(362, 28, '478475087', 'Guillermo', 'Correa Salvà', '1979-04-28'),
(363, 30, '8491796858', 'Isabel', 'Blazquez Sanmartín', '1989-09-23'),
(364, 4, '885965574', 'Graciana', 'Marin Delgado', '1993-03-11'),
(365, 30, '728946324', 'Gregorio', 'Pino Doménech', '1964-11-05'),
(366, 13, '8150728001', 'Paulino', 'Alberola Barrera', '1964-06-22'),
(367, 25, '4474078391', 'Nando', 'Ferreras Aparicio', '1986-03-16'),
(368, 3, '5280852997', 'Loida', 'Vaquero Coca', '1978-01-18'),
(369, 27, '5280392812', 'Regina', 'Gras Mayoral', '1960-09-12'),
(370, 29, '9035910974', 'Bruno', 'Prieto Saez', '1992-02-29'),
(371, 12, '6464597868', 'Aroa', 'Bautista Rodríguez', '1983-05-25'),
(372, 12, '4247287055', 'León', 'Izquierdo Izquierdo', '2005-06-28'),
(373, 12, '8398857972', 'Juan Carlos', 'Juárez Roma', '1963-07-15'),
(374, 11, '4578252120', 'Elisa', 'Gelabert Sanjuan', '1997-06-28'),
(375, 5, '460219219', 'Felisa', 'Montes Hernando', '2003-09-11'),
(376, 6, '2558754366', 'Eugenio', 'Sastre Vallés', '1994-10-09'),
(377, 10, '7134243381', 'Sandra', 'Polo Roig', '1999-10-18'),
(378, 12, '3334660798', 'Sonia', 'Barrera Maza', '1981-04-18'),
(379, 8, '3019695180', 'Pilar', 'Tello Calvo', '1978-07-23'),
(380, 6, '7901647512', 'Isa', 'Cervantes Izaguirre', '1985-07-16'),
(381, 13, '998799778', 'Nélida', 'Borrás Piquer', '1977-02-01'),
(382, 13, '5046713478', 'Eligio', 'Frías Gonzalo', '2000-03-17'),
(383, 5, '1930718638', 'Azahar', 'Gutiérrez Gárate', '1998-07-20'),
(384, 3, '3403112126', 'Eutropio', 'Capdevila Valero', '1961-12-10'),
(385, 6, '3508607725', 'Socorro', 'Gallo Duque', '1995-01-31'),
(386, 21, '3969210194', 'Leonor', 'Garay Diez', '1969-10-23'),
(387, 29, '520234731', 'Olalla', 'Caro Alcolea', '1972-06-29'),
(388, 14, '987925992', 'Tamara', 'Abril Alegre', '1964-03-08'),
(389, 14, '5952566201', 'Toño', 'Pino Carbó', '1962-12-24'),
(390, 23, '3908595267', 'Apolonia', 'Terrón Pomares', '1968-03-05'),
(391, 23, '8638055766', 'Celso', 'Marqués Fajardo', '1985-04-03'),
(392, 10, '4694143595', 'Bernabé', 'Gutierrez Mancebo', '1981-08-16'),
(393, 7, '2791194627', 'Felipa', 'Blázquez Vicens', '1963-02-13'),
(394, 22, '7671536514', 'Leoncio', 'Robledo Chacón', '1973-03-01'),
(395, 6, '5647288607', 'Sebastian', 'Molina Cabañas', '1962-04-08'),
(396, 4, '15676279', 'Luz', 'Alegria Sebastián', '1987-05-29'),
(397, 7, '3934187019', 'Abraham', 'Pelayo Lorenzo', '1982-04-24'),
(398, 27, '6821809477', 'Urbano', 'Benavente Muñoz', '1961-03-23'),
(399, 10, '4492867369', 'Toribio', 'Porta Roca', '1978-03-06'),
(400, 4, '395255255', 'Albert', 'Pozo Peláez', '1980-03-31'),
(401, 14, '3725900169', 'Leandra', 'Bosch Gomila', '1979-02-05'),
(402, 24, '1391273095', 'Sabas', 'Leiva Soria', '1962-10-01'),
(403, 22, '4359582487', 'María Teresa', 'Ferreras Ropero', '1988-06-15'),
(404, 2, '2354650368', 'Macario', 'Chico Pina', '1996-04-02'),
(405, 13, '1740563054', 'Román', 'Segovia Alcántara', '1995-10-28'),
(406, 3, '9595299852', 'Toribio', 'Viña Carrasco', '1992-01-18'),
(407, 8, '7047348633', 'Merche', 'Belmonte Pascual', '1961-12-24'),
(408, 30, '6834847340', 'Geraldo', 'Parejo Santana', '1965-03-04'),
(409, 19, '6740305600', 'Teófila', 'Pi Alvarado', '2000-05-13'),
(410, 4, '1016822993', 'Alfredo', 'Bonet Cazorla', '1989-04-07'),
(411, 30, '5834741794', 'Reina', 'Yuste Estévez', '1985-10-06'),
(412, 10, '4358071269', 'Cayetano', 'Adán Pedrosa', '1969-05-14'),
(413, 14, '4040469772', 'Miguela', 'Serra Paniagua', '1982-09-25'),
(414, 10, '6487534182', 'Desiderio', 'Serna Torrecilla', '1990-12-27'),
(415, 30, '9838856646', 'Cipriano', 'Cervera Torrents', '1980-02-03'),
(416, 20, '320526074', 'Camila', 'Coca Lozano', '1966-02-24'),
(417, 29, '6838535500', 'Emiliano', 'Ruano Larrea', '1971-12-11'),
(418, 11, '698871873', 'Elisa', 'Tejada Múñiz', '1994-10-02'),
(419, 7, '2523872583', 'Vinicio', 'Baeza Lamas', '1984-10-30'),
(420, 2, '566464738', 'Palmira', 'Olivares Marin', '1985-04-08'),
(421, 7, '3586333464', 'Melchor', 'Rozas Vega', '1968-07-01'),
(422, 14, '2482396015', 'Edmundo', 'Pedraza Valdés', '1959-11-25'),
(423, 14, '3153868951', 'Bernardino', 'Pujol Gimenez', '1983-03-07'),
(424, 27, '6055941464', 'Balduino', 'Segovia Duarte', '1974-04-10'),
(425, 21, '3553144010', 'León', 'Soriano Elías', '1994-02-17'),
(426, 4, '7677457907', 'Adelardo', 'Barragán Borrell', '1992-12-06'),
(427, 25, '784983542', 'Jennifer', 'Juárez Santamaria', '1976-04-02'),
(428, 14, '386931319', 'Simón', 'Belmonte Porras', '1996-10-17'),
(429, 21, '1602631087', 'Alma', 'Bastida Barral', '1983-10-23'),
(430, 30, '253411069', 'David', 'Peral Abella', '2001-06-08'),
(431, 4, '3467165272', 'Olalla', 'Boix Miró', '1972-07-19'),
(432, 14, '1835684811', 'Mariana', 'Arranz Pareja', '1975-05-16'),
(433, 11, '1892314992', 'Otilia', 'Cerdán Flores', '1962-11-17'),
(434, 22, '4435962666', 'Calisto', 'Ros Mir', '2006-03-15'),
(435, 10, '63161101', 'Alondra', 'Jerez Bolaños', '1994-03-16'),
(436, 28, '9931074097', 'Leonor', 'Morán Marcos', '1975-05-06'),
(437, 7, '6306408784', 'Dorita', 'Garcés Revilla', '1983-05-07'),
(438, 7, '9154744541', 'José Ángel', 'Lorenzo Sureda', '1967-10-05'),
(439, 25, '3146933104', 'Etelvina', 'Villa Cid', '1992-02-28'),
(440, 4, '2312495480', 'Ignacio', 'Bejarano Aranda', '1977-06-10'),
(441, 23, '1427175302', 'Fabio', 'Ortiz Quintana', '1974-12-27'),
(442, 23, '2940344797', 'Bruno', 'Solís Martin', '1974-05-31'),
(443, 14, '7423301365', 'Urbano', 'Jaén Zamora', '1976-05-11'),
(444, 14, '3944481840', 'Sosimo', 'Barrena Ramirez', '1978-06-22'),
(445, 28, '1870122068', 'Marcia', 'Román Samper', '1973-01-29'),
(446, 24, '9428449357', 'Marcio', 'Elorza Monreal', '1975-05-27'),
(447, 11, '5574503703', 'Yaiza', 'Cervera Asenjo', '1982-05-30'),
(448, 5, '1434486874', 'Victor Manuel', 'Saldaña Lloret', '1963-04-22'),
(449, 6, '5984923297', 'Vidal', 'Narváez Ortuño', '1965-05-05'),
(450, 19, '1705385024', 'Hernán', 'España Agustí', '2000-04-27'),
(451, 24, '8736024903', 'Nazario', 'Morata Campo', '1962-10-15'),
(452, 5, '7300745056', 'Lupe', 'Amorós Cal', '1975-10-16'),
(453, 8, '4724966813', 'Melania', 'Vera Pons', '1966-05-06'),
(454, 21, '2949259866', 'Erasmo', 'Moya Marquez', '1990-03-11'),
(455, 6, '7224036926', 'Baltasar', 'Elorza Diéguez', '2003-01-11'),
(456, 30, '4397157474', 'Liliana', 'Peláez Guillen', '1981-05-04'),
(457, 20, '8298596368', 'Jovita', 'Blanco Elorza', '1959-12-10'),
(458, 2, '3835271861', 'Griselda', 'Cepeda Esparza', '1989-09-07'),
(459, 10, '8165235004', 'Milagros', 'Palau Barranco', '1960-08-12'),
(460, 4, '3946958383', 'Cayetano', 'Montenegro Cantero', '1982-11-05'),
(461, 14, '8068129529', 'Nazaret', 'Jover Sacristán', '2003-01-08'),
(462, 10, '1459362422', 'Urbano', 'Lumbreras Arranz', '1993-05-25'),
(463, 4, '4849598465', 'Dulce', 'Ayala Otero', '2000-01-14'),
(464, 30, '7190081923', 'Fidela', 'Anaya Gual', '2005-03-31'),
(465, 22, '282449336', 'Agapito', 'Pozo Maestre', '2006-01-01'),
(466, 24, '2671644472', 'Marco', 'Albero Frutos', '2006-11-07'),
(467, 10, '509028741', 'Leopoldo', 'Olivé Cases', '1962-01-13'),
(468, 27, '3772213435', 'Tiburcio', 'Arroyo Velázquez', '2001-07-06'),
(469, 2, '7560504306', 'Bernardo', 'Bello Marín', '2002-07-21'),
(470, 14, '7103623449', 'Silvia', 'Dávila Palomar', '1983-06-13'),
(471, 22, '6730566825', 'Eugenio', 'Arroyo Pardo', '1986-04-17'),
(472, 16, '303489603', 'Benigno', 'Ramón Torrens', '1998-08-23'),
(473, 2, '8645976273', 'Alejo', 'Puga Romero', '1997-02-25'),
(474, 25, '252500343', 'Carina', 'Pombo Saavedra', '1992-05-22'),
(475, 5, '1128579689', 'Mayte', 'Hernández Tejero', '1993-12-26'),
(476, 29, '9736930852', 'Irma', 'Casares Gibert', '2004-12-16'),
(477, 14, '9422494310', 'Regina', 'Malo Melero', '1999-06-09'),
(478, 20, '8532169229', 'Rosalva', 'Gomila Almansa', '1960-02-01'),
(479, 24, '5981302466', 'Álvaro', 'Pi Crespo', '1982-08-20'),
(480, 2, '1409143287', 'Isaías', 'Cuevas Oliveras', '1960-08-24'),
(481, 6, '4607978225', 'Ibán', 'Pino Millán', '1977-04-03'),
(482, 14, '1680032283', 'Lucho', 'Camacho Segovia', '1996-06-15'),
(483, 19, '1094233834', 'Dafne', 'Barriga Estévez', '2004-11-28'),
(484, 13, '641889887', 'Montserrat', 'Giralt Mena', '1982-06-03'),
(485, 19, '3676541278', 'Buenaventura', 'Alcántara Antón', '1998-10-10'),
(486, 10, '8761019528', 'Teresa', 'Robles Artigas', '1984-02-18'),
(487, 4, '1049197365', 'Febe', 'Riba Vicens', '1977-02-17'),
(488, 24, '1043572787', 'Evaristo', 'Carnero Borrego', '1986-01-11'),
(489, 5, '5981094465', 'Isidro', 'Cerdán Agudo', '1979-01-21'),
(490, 22, '8212384499', 'Nicanor', 'Sanmartín Morales', '1998-05-20'),
(491, 12, '3696694490', 'Chucho', 'Donoso Roda', '1981-02-07'),
(492, 14, '5014318886', 'Arturo', 'Gual Hernandez', '1988-05-31'),
(493, 18, '3789472538', 'Nayara', 'Aguirre Cid', '1991-01-13'),
(494, 17, '5884294167', 'Azahar', 'Estévez Bermejo', '1977-04-21'),
(495, 29, '8695866130', 'Débora', 'Cases Abella', '1990-03-04'),
(496, 28, '491921670', 'Nicolasa', 'Ocaña Cáceres', '1975-04-02'),
(497, 5, '2365370642', 'Gerardo', 'Fajardo Rosado', '1971-05-06'),
(498, 16, '9015027519', 'Natalia', 'Donoso Bauzà', '1983-11-21'),
(499, 3, '9124627699', 'Constanza', 'Torrijos Acosta', '2006-08-09'),
(500, 30, '4700684242', 'Curro', 'Caparrós Vaquero', '1989-08-08'),
(501, 12, '9498045305', 'Ramiro', 'Márquez Bilbao', '1999-12-12'),
(502, 4, '8077650488', 'Cloe', 'Silva Sosa', '1971-04-17'),
(503, 2, '4699537657', 'Cayetana', 'Villanueva Arribas', '1963-04-28'),
(504, 24, '7615520791', 'Yéssica', 'Guzmán Tejero', '1996-04-19'),
(505, 14, '3685425985', 'Bonifacio', 'Perez Cortes', '1994-07-02'),
(506, 3, '6481382776', 'Natanael', 'Mercader Baeza', '2004-08-17'),
(507, 3, '2207242242', 'Florentino', 'Tapia Cámara', '1959-12-24'),
(508, 4, '231818040', 'Carmen', 'García Mariño', '1996-05-31'),
(509, 29, '9137374664', 'Ángeles', 'Granados Cerdá', '2004-12-23'),
(510, 23, '4060953322', 'Benigno', 'Iniesta Borrego', '1978-10-10'),
(511, 29, '5492166284', 'León', 'Galván Catalá', '1995-08-13'),
(512, 5, '3211659085', 'Blas', 'Robles Palomino', '1999-03-07'),
(513, 6, '9432964018', 'Agustín', 'Castañeda Alberto', '1968-07-30'),
(514, 4, '8745050240', 'Hipólito', 'Ayuso Lluch', '1970-01-20'),
(515, 23, '563502062', 'Liliana', 'Ródenas Valenciano', '1984-05-03'),
(516, 3, '9136220556', 'Sara', 'Calderón Hervás', '1985-04-10'),
(517, 5, '3083152295', 'Ariel', 'Castrillo Vaquero', '1966-04-05'),
(518, 19, '6089957357', 'Soraya', 'Arévalo Ramírez', '1977-02-21'),
(519, 22, '1700261102', 'Abilio', 'Barceló Ocaña', '2000-05-17'),
(520, 4, '7851959614', 'Yago', 'Segura Pagès', '1986-12-21'),
(521, 22, '9002053044', 'Brígida', 'Gomez Catalán', '1964-09-23'),
(522, 20, '2936842812', 'Florinda', 'Cáceres Borrás', '1988-03-08'),
(523, 4, '4612913149', 'Marc', 'Pineda Armas', '1970-09-21'),
(524, 30, '937032010', 'Mireia', 'Andres Lago', '1976-10-07'),
(525, 20, '7821899780', 'Bonifacio', 'Pombo Pou', '1970-12-07'),
(526, 13, '9237769250', 'Ceferino', 'Franco Carrasco', '1988-06-18'),
(527, 29, '2090995743', 'Angélica', 'Barba Pedraza', '1987-07-07'),
(528, 30, '7908059409', 'Prudencia', 'Pozuelo Serna', '1962-08-28'),
(529, 2, '1645679924', 'Juanita', 'Prada Coronado', '1965-08-14'),
(530, 4, '7748902092', 'Porfirio', 'Pardo Barrena', '1980-07-11'),
(531, 30, '6791260377', 'Melania', 'Iñiguez Mas', '2004-07-15'),
(532, 25, '4450349517', 'Tomás', 'Posada Ferrándiz', '2006-07-02'),
(533, 14, '9904922867', 'María Luisa', 'Fabregat Gomila', '1998-07-08'),
(534, 29, '6085248253', 'Adán', 'Mate Peñas', '1971-04-12'),
(535, 2, '1948263065', 'Efraín', 'Domingo Pol', '1969-01-22'),
(536, 20, '3582102873', 'Chus', 'Marqués Collado', '1977-04-19'),
(537, 25, '7281800690', 'Juan Pablo', 'Corbacho Cadenas', '2006-02-11'),
(538, 20, '8758687253', 'Macaria', 'Ureña Cabañas', '2002-04-11'),
(539, 5, '8290597522', 'Eusebio', 'Heredia Merino', '1965-08-27'),
(540, 8, '5928198448', 'Isidro', 'Font Nevado', '1976-03-09'),
(541, 14, '3811188866', 'Lola', 'Lucena Serna', '1972-08-06'),
(542, 30, '8113036153', 'Griselda', 'Barceló Pastor', '1996-01-27'),
(543, 27, '1012968988', 'Jose Luis', 'Juliá Francisco', '1962-04-05'),
(544, 23, '1034595927', 'Cayetano', 'Paz Ángel', '1993-11-20'),
(545, 20, '1742329915', 'Raúl', 'Lasa Pelayo', '1991-09-01'),
(546, 20, '7194669427', 'Angelina', 'Muro Santana', '1987-03-18'),
(547, 30, '9742064574', 'María Pilar', 'Narváez Flores', '1984-06-05'),
(548, 22, '4153466762', 'Ulises', 'Peláez Sureda', '1978-04-30'),
(549, 21, '5983007405', 'Luisa', 'Valverde Piña', '1964-03-22'),
(550, 6, '1850735859', 'Vicenta', 'Lozano Castañeda', '1965-04-11'),
(551, 14, '5055533844', 'Lucho', 'Pelayo Alonso', '1996-05-02'),
(552, 18, '8623947885', 'Nazaret', 'Medina Verdejo', '1965-11-07'),
(553, 31, '7794360414', 'Gil', 'Pujol Clavero', '1981-11-18'),
(554, 6, '5932581841', 'Marciano', 'Salom Espada', '1967-07-29'),
(555, 14, '1028769788', 'Wilfredo', 'Llorente Cerezo', '1976-03-14'),
(556, 9, '4240417482', 'Juan Pablo', 'Escudero Plaza', '1968-03-26'),
(557, 11, '1227996564', 'Guadalupe', 'Landa Ferrán', '1976-10-04'),
(558, 10, '4794660682', 'Maxi', 'Moliner Mendizábal', '1974-06-04'),
(559, 16, '4534783423', 'Claudia', 'Rey Gimeno', '2004-08-28'),
(560, 28, '7603466029', 'Jaime', 'Calvet Alfaro', '1961-12-08'),
(561, 25, '4818875650', 'Bernarda', 'Palacio Diego', '1969-07-25'),
(562, 5, '4002571041', 'Cebrián', 'Pedrosa Salom', '1966-03-08'),
(563, 6, '6687184154', 'Maximino', 'Crespi Gallart', '1984-07-31'),
(564, 7, '7120804545', 'Mamen', 'Echeverría Roselló', '1994-04-17'),
(565, 4, '7720248706', 'Juan Antonio', 'Lasa Valentín', '1963-03-16'),
(566, 13, '4777844536', 'Guillermo', 'Céspedes Amaya', '1995-11-24'),
(567, 21, '633885220', 'Verónica', 'Sales Sevillano', '1990-09-20'),
(568, 22, '9157114576', 'Tito', 'Páez Morante', '1987-07-29'),
(569, 14, '808743536', 'Adelina', 'Acero Cantón', '1978-11-10'),
(570, 7, '3912830079', 'Flavia', 'Artigas Palau', '1970-04-10'),
(571, 28, '7789659355', 'Brunilda', 'Barros Amat', '1984-11-25'),
(572, 5, '9987876216', 'Aurelia', 'Arroyo Arce', '1961-08-14'),
(573, 20, '3954697932', 'Alondra', 'Enríquez Castellanos', '1964-05-14'),
(574, 18, '1327955675', 'Miguel', 'Sierra Ferrero', '1968-01-21'),
(575, 27, '1827176273', 'Elisabet', 'Mascaró González', '1998-12-07'),
(576, 6, '3944811666', 'María Carmen', 'Puig Ángel', '2002-08-07'),
(577, 10, '2981256048', 'Ana Belén', 'Córdoba Arana', '1973-05-26'),
(578, 8, '522367380', 'Reyes', 'Oliva Orozco', '1970-05-22'),
(579, 18, '1678324716', 'Victoria', 'Amor Estrada', '1999-01-24'),
(580, 10, '7971223923', 'Miguela', 'Hoz Núñez', '1968-08-04'),
(581, 18, '7383635018', 'Encarnación', 'Ortuño Garcés', '1975-11-11'),
(582, 7, '637195351', 'Eutropio', 'Salas González', '2001-10-23'),
(583, 12, '2611012505', 'Abel', 'Madrigal Parra', '1992-02-17'),
(584, 5, '1520585151', 'Efraín', 'González Rocha', '1988-12-09'),
(585, 10, '8964058927', 'Pancho', 'Arana Soria', '1986-12-01'),
(586, 18, '8800194427', 'Ángel', 'Arroyo Vidal', '1972-08-25'),
(587, 4, '4121488855', 'María Cristina', 'Vega Cuadrado', '1973-07-01'),
(588, 1, '1636953700', 'Conrado', 'Alcalá Tur', '1968-05-18'),
(589, 5, '4964857307', 'Cornelio', 'Pablo Girón', '1997-11-20'),
(590, 28, '9375419703', 'Chuy', 'Ureña Royo', '1977-09-25'),
(591, 10, '6023851425', 'Herberto', 'Morata Salas', '1977-10-08'),
(592, 21, '562744369', 'Hugo', 'Gascón Corominas', '1969-07-14'),
(593, 26, '4090028822', 'Zaira', 'Verdugo Alegria', '2003-02-02'),
(594, 22, '6903851545', 'José Luis', 'Correa Oliva', '1998-01-07'),
(595, 14, '2431267294', 'Liliana', 'Espinosa Escalona', '1983-12-20'),
(596, 6, '1739579351', 'René', 'España Nebot', '1974-04-05'),
(597, 26, '1673367915', 'Perla', 'Tejero Hierro', '1964-06-07'),
(598, 13, '9082740722', 'Bartolomé', 'Llabrés Puente', '2006-06-02'),
(599, 27, '7700802495', 'Leoncio', 'Calvo Guzman', '1960-04-28'),
(600, 7, '1354011260', 'Rocío', 'Mayol Carro', '2004-05-06'),
(601, 14, '6707384358', 'Eustaquio', 'Alcalde Bellido', '1974-11-06'),
(602, 21, '7622572038', 'Félix', 'Quero Barceló', '1994-07-07'),
(603, 27, '7664562780', 'Gracia', 'Pujol Grande', '1998-09-30'),
(604, 22, '5864241036', 'Bernardino', 'Mir Lloret', '1992-04-18'),
(605, 18, '4488382244', 'Melchor', 'Iglesias Belmonte', '1971-10-03'),
(606, 17, '2833339397', 'Rafa', 'Bolaños Roman', '1978-02-09'),
(607, 21, '309327341', 'Clarisa', 'Nogués Murcia', '1989-01-14'),
(608, 13, '1166595527', 'Clotilde', 'Bravo Peña', '2000-03-17'),
(609, 7, '4229537468', 'Domitila', 'Montesinos Sanmartín', '1997-02-15'),
(610, 31, '6428067772', 'Noa', 'Esteban Barrena', '1992-05-13'),
(611, 21, '3450697526', 'Obdulia', 'Cerro Alfaro', '1977-02-25'),
(612, 28, '5019645415', 'Federico', 'Alcolea Belda', '2002-04-10'),
(613, 30, '2130863899', 'Elías', 'Borrás Conde', '1980-10-26'),
(614, 25, '9456596049', 'Jose Francisco', 'Ropero Quintanilla', '1991-05-21'),
(615, 19, '7074954798', 'Santiago', 'Arce Zabala', '1992-03-10'),
(616, 13, '926078462', 'Fidel', 'Roldan Trujillo', '1992-10-27'),
(617, 2, '993529899', 'Nazaret', 'Esteve Catalán', '1989-09-09'),
(618, 30, '7095433356', 'Imelda', 'Anaya Seguí', '1982-12-21'),
(619, 30, '6634421476', 'Pastor', 'Gálvez Galiano', '2002-10-31'),
(620, 27, '1326145831', 'David', 'Bravo Piña', '1982-04-09'),
(621, 10, '1326142867', 'Américo', 'Vila Nadal', '1972-04-04'),
(622, 2, '1001478427', 'Espiridión', 'Arroyo Cuadrado', '1968-02-18'),
(623, 21, '2517252468', 'Pastor', 'Alvarez Oller', '1992-12-26'),
(624, 8, '7763386257', 'Lalo', 'Luna Sastre', '1979-03-25'),
(625, 8, '2061317781', 'Leonor', 'Ayllón Abella', '1969-06-10'),
(626, 25, '6705570962', 'Ruy', 'Medina Mendoza', '1996-12-18'),
(627, 27, '6164388038', 'Salvador', 'Martorell Samper', '2000-04-03'),
(628, 3, '4041548888', 'Simón', 'Fortuny Pol', '1983-07-19'),
(629, 13, '4254627681', 'José Ángel', 'Muro Aparicio', '1961-06-19'),
(630, 9, '1746789163', 'Patricio', 'Miranda Giménez', '1991-11-24'),
(631, 27, '855470916', 'Dionisia', 'Polo Lladó', '1998-05-07'),
(632, 22, '6289563278', 'Cayetano', 'Canet Palma', '1969-03-29'),
(633, 17, '1632761581', 'Miguel Ángel', 'Fuster Ayala', '1985-02-20'),
(634, 18, '6844307229', 'Loida', 'Aguiló Escobar', '1984-12-08'),
(635, 12, '1502227409', 'Felix', 'Ángel Cuevas', '1991-05-19'),
(636, 29, '5181319988', 'Marcelino', 'Guitart Bermudez', '1981-04-06'),
(637, 10, '6932427348', 'Yésica', 'Zamorano Naranjo', '2001-07-10'),
(638, 11, '5984912063', 'Ágata', 'Lucena Riba', '2004-08-20'),
(639, 18, '1866698147', 'Marc', 'Murillo Juárez', '1979-10-11'),
(640, 19, '3201163852', 'Marino', 'Jiménez Beltran', '1980-09-03'),
(641, 22, '2628462932', 'Ruy', 'Hidalgo Herrera', '1977-06-26'),
(642, 8, '9774434798', 'Virgilio', 'López Gonzalo', '1999-01-07'),
(643, 27, '8078479267', 'Saturnina', 'Redondo Laguna', '1961-01-23'),
(644, 13, '2411010977', 'Esteban', 'Gomez Asenjo', '2000-04-09'),
(645, 8, '9999491357', 'Sosimo', 'Castellanos Tapia', '1974-10-07'),
(646, 29, '1157960656', 'Josep', 'Criado Calleja', '1960-06-09'),
(647, 17, '1913592893', 'Benjamín', 'Duran Cardona', '1992-06-22'),
(648, 6, '3271406666', 'Alejandra', 'Morillo Mata', '1995-03-09'),
(649, 2, '1493564807', 'Luciano', 'Rey Pellicer', '1982-10-22'),
(650, 22, '2515154827', 'Rosa María', 'Casas Arcos', '1976-07-12'),
(651, 11, '43639637', 'Marciano', 'Lobo Roselló', '1980-08-10'),
(652, 26, '275257124', 'Loreto', 'Godoy Ballester', '1961-10-04'),
(653, 11, '1528026952', 'Elías', 'Cardona Frías', '1991-04-19'),
(654, 20, '1681936367', 'Natalio', 'Navas Soto', '1960-01-20'),
(655, 20, '3462449882', 'Ágata', 'Gil Bayona', '1977-08-30'),
(656, 4, '7326425108', 'Carmina', 'Martín Fajardo', '1977-07-18'),
(657, 2, '7283246443', 'Régulo', 'Pons Giralt', '1965-08-27'),
(658, 6, '311294850', 'Candela', 'Peláez Asensio', '1973-10-28'),
(659, 2, '788415032', 'Patricia', 'Ramón Criado', '2005-07-16'),
(660, 4, '3181976714', 'Anastasio', 'Ibarra Ferrero', '1980-12-28'),
(661, 21, '6259997699', 'Gervasio', 'Landa Ramos', '1974-01-16'),
(662, 12, '2817598550', 'Alejo', 'Mascaró Guerra', '2005-01-12'),
(663, 19, '6783667060', 'Anna', 'Prieto Anaya', '1962-02-13'),
(664, 27, '9937663418', 'Laura', 'Chico Lozano', '1985-11-07'),
(665, 2, '4120004493', 'Ezequiel', 'Borrás Torrens', '1989-09-17'),
(666, 9, '8114346734', 'Bernardo', 'Solana Lago', '1972-09-16'),
(667, 4, '4267251871', 'Marciano', 'Galiano Montalbán', '1963-11-15'),
(668, 2, '666431864', 'Brunilda', 'Pazos Arévalo', '1971-01-05'),
(669, 27, '8350791048', 'Telmo', 'Portillo Neira', '1972-03-23'),
(670, 24, '684974506', 'Herberto', 'Cañellas Viña', '1970-04-30'),
(671, 2, '1004047906', 'Elías', 'Alegre Cañizares', '1982-05-13'),
(672, 14, '4258488042', 'Ildefonso', 'Fuente Agustín', '1975-07-12'),
(673, 20, '94345687', 'Hector', 'Izaguirre Real', '1991-10-10'),
(674, 2, '1893965515', 'Macarena', 'Casado Roman', '1990-12-12'),
(675, 10, '3503770272', 'Urbano', 'Roldán Cifuentes', '1992-06-13'),
(676, 17, '7790343565', 'Josep', 'Barberá Durán', '1978-10-24'),
(677, 21, '7051283796', 'Humberto', 'Barba Bermudez', '1971-09-02'),
(678, 24, '3909430347', 'Macaria', 'Jordán Torrent', '1971-07-04'),
(679, 24, '1009264953', 'Inocencio', 'Lillo Catalá', '1963-01-26'),
(680, 5, '9135635079', 'Manu', 'Sedano Bayo', '1999-06-20'),
(681, 9, '70375283', 'Wálter', 'Cánovas Cárdenas', '2004-12-09'),
(682, 29, '3423383964', 'Luís', 'Azorin Perea', '1963-11-16'),
(683, 18, '7865483029', 'Gertrudis', 'Sevillano Cal', '1992-04-22'),
(684, 19, '7262720206', 'Miguel Ángel', 'Juliá Riba', '1967-02-06'),
(685, 4, '1132624359', 'Rolando', 'Palomares Gordillo', '1996-06-04'),
(686, 4, '1892818922', 'Modesta', 'Somoza Colomer', '1982-12-30'),
(687, 21, '3999190263', 'Geraldo', 'Cortés Moliner', '2000-08-23'),
(688, 12, '5769180930', 'Rufino', 'Luján Iñiguez', '1994-05-28'),
(689, 3, '5357565508', 'Josep', 'Expósito Sanmiguel', '1998-12-01'),
(690, 6, '800181889', 'Eladio', 'Blazquez Boix', '1963-02-07'),
(691, 30, '9102005558', 'Zacarías', 'Vilanova Arnaiz', '1975-12-08'),
(692, 14, '7288083077', 'Javiera', 'Ricart Ayllón', '2005-06-18'),
(693, 4, '4612511036', 'Rita', 'Ayala Tormo', '1979-09-21'),
(694, 8, '2978929005', 'Nazaret', 'Gomis Corbacho', '1983-11-19'),
(695, 2, '9034760094', 'Estefanía', 'Infante Pacheco', '1972-01-09'),
(696, 19, '6864120631', 'Macaria', 'Canals Uribe', '1966-11-02'),
(697, 11, '741584057', 'Erasmo', 'Ugarte Pons', '1977-03-20'),
(698, 30, '1072768331', 'Cecilia', 'Santos Espada', '1971-01-10'),
(699, 11, '4387154543', 'Rocío', 'Mancebo Conde', '1969-09-19'),
(700, 4, '4780242230', 'Gabriel', 'Peñas Montes', '2006-07-08'),
(701, 10, '7777794369', 'Domitila', 'Piñeiro Fernandez', '1973-03-09'),
(702, 11, '8596410216', 'Calista', 'Ferrán Francisco', '1979-08-16'),
(703, 25, '5559524388', 'Venceslás', 'Alfaro Mayol', '1994-01-26'),
(704, 14, '8256853995', 'Albano', 'Lillo Sobrino', '1961-04-24'),
(705, 10, '3455041287', 'Agustín', 'Perelló Pina', '1994-06-06'),
(706, 30, '7234248424', 'Calixto', 'Millán Falcó', '2006-04-18'),
(707, 9, '6219950362', 'José Ángel', 'Espada Puerta', '1988-12-17'),
(708, 29, '898520373', 'Saturnina', 'Moliner Ribas', '1975-10-06'),
(709, 7, '1151083277', 'Víctor', 'Valenciano Sánchez', '1981-08-06'),
(710, 28, '3413598790', 'Feliciano', 'Palmer Corral', '1961-02-01'),
(711, 28, '1796846217', 'Soraya', 'Pujol Olmedo', '1996-10-29'),
(712, 27, '359553016', 'Nydia', 'Cañete Amorós', '2004-05-29'),
(713, 8, '677178553', 'Dora', 'Macias Caro', '1964-10-01'),
(714, 1, '1763138690', 'Aristides', 'Cordero Moll', '1981-05-21'),
(715, 15, '1727535486', 'Tristán', 'Hidalgo Sierra', '2005-05-18'),
(716, 13, '9252086795', 'Sebastian', 'Dueñas Martin', '2005-01-31'),
(717, 14, '772601857', 'Tomás', 'Pi Benitez', '1982-09-16'),
(718, 17, '7143584311', 'Estrella', 'Vilar Amores', '2003-11-17'),
(719, 22, '1458753174', 'Guiomar', 'Fuentes Campo', '1975-01-27'),
(720, 4, '173720701', 'Leandro', 'Gomez Crespo', '1964-04-07'),
(721, 16, '359522952', 'Remedios', 'Cordero Busquets', '1971-08-30'),
(722, 2, '3359141052', 'Ramón', 'Marti Vidal', '2004-12-29'),
(723, 21, '9073774349', 'Ramón', 'Corral Rozas', '1996-11-16'),
(724, 10, '6019239448', 'Tere', 'Aguirre Calleja', '1999-07-23'),
(725, 10, '9061244009', 'Nacho', 'Juárez Barragán', '1986-05-26'),
(726, 29, '4123145', 'Narcisa', 'Pont Elías', '1998-09-07'),
(727, 25, '6433122359', 'Felicia', 'Zamorano Tenorio', '1976-07-15'),
(728, 27, '7867986271', 'Azahar', 'Morán Pons', '2003-04-19'),
(729, 17, '6020369944', 'Sabina', 'Pujol Mercader', '1967-12-23'),
(730, 3, '6853880208', 'Lourdes', 'Castelló Gelabert', '1980-01-19'),
(731, 17, '2828253152', 'Dani', 'Chico Rubio', '1969-10-01'),
(732, 17, '768995333', 'Guadalupe', 'España Alemany', '1980-09-10'),
(733, 20, '2964287698', 'Artemio', 'Luís Cárdenas', '2001-07-10'),
(734, 4, '9676284924', 'Isaac', 'Capdevila Lucena', '1992-12-09'),
(735, 17, '3718759226', 'Cipriano', 'Sotelo Salom', '1970-05-03'),
(736, 5, '9782582931', 'Jessica', 'Zurita Bárcena', '2004-03-29'),
(737, 20, '9280924577', 'Jovita', 'Flor Cantero', '1997-04-17'),
(738, 16, '85480156', 'Isidoro', 'Rosales Roca', '1987-10-14'),
(739, 30, '8679857324', 'Javiera', 'Diéguez Abril', '1964-02-21'),
(740, 7, '4318085572', 'Haroldo', 'Cuéllar Navarro', '1973-01-20'),
(741, 17, '6631308505', 'Gonzalo', 'Bárcena Acevedo', '1981-10-16'),
(742, 4, '2713596008', 'Nacho', 'Escobar León', '1976-07-08'),
(743, 20, '3861796075', 'Carmelita', 'Abellán Padilla', '1997-07-15'),
(744, 5, '2959715514', 'Ángela', 'Rios Donoso', '2004-10-22'),
(745, 7, '268211135', 'Virgilio', 'Puig Rosell', '1971-01-21'),
(746, 10, '7828157532', 'Maristela', 'Rubio Hervás', '1975-05-09'),
(747, 11, '3820525427', 'Sofía', 'Valls Pol', '2005-09-14'),
(748, 30, '4122045743', 'Iker', 'Tomás Ramón', '1965-07-25'),
(749, 27, '6466752669', 'Fabiola', 'Carbonell Quevedo', '1971-12-11'),
(750, 19, '6002858454', 'Cruz', 'Huguet Roura', '1997-06-20'),
(751, 7, '3337067131', 'Aarón', 'Benavente Falcó', '1970-06-12'),
(752, 6, '3397756972', 'Herberto', 'Gonzalez Corominas', '1966-08-23'),
(753, 25, '5256205686', 'Tomasa', 'Estévez Serra', '2000-09-24'),
(754, 27, '8861808974', 'Albina', 'Morell Aller', '1987-07-12'),
(755, 11, '6366337616', 'Rogelio', 'Bustamante Aroca', '1988-08-24'),
(756, 5, '7401739069', 'Paola', 'Diego Aguado', '2003-02-04'),
(757, 11, '1144183760', 'María Luisa', 'Benavides Castejón', '1991-09-06'),
(758, 6, '6900718807', 'Sebastián', 'Caro Serna', '1994-02-19'),
(759, 21, '2984115643', 'Pastor', 'Rius Huerta', '1996-09-17'),
(760, 22, '7270430884', 'Pancho', 'Valencia Enríquez', '2005-11-13'),
(761, 7, '3143419271', 'Judith', 'Portillo Peñas', '1984-12-24'),
(762, 2, '7825324396', 'Bibiana', 'Planas Donaire', '2001-07-08'),
(763, 2, '8031063171', 'Consuelo', 'Burgos Chacón', '1981-12-02'),
(764, 19, '1925078968', 'Mario', 'Vendrell Cámara', '1983-04-07'),
(765, 26, '1400804845', 'Eligia', 'Llamas Rozas', '2002-08-25'),
(766, 2, '2733583223', 'María Cristina', 'Sales Martí', '1969-03-08'),
(767, 20, '2610609005', 'Victor', 'Ledesma Talavera', '1969-08-10'),
(768, 4, '6064518450', 'Dominga', 'Mayo Barros', '1989-09-10'),
(769, 24, '5997308841', 'Alfredo', 'Acevedo Sebastián', '1980-10-14'),
(770, 21, '6433992106', 'Celia', 'Ortiz Luís', '1987-07-01'),
(771, 22, '1184550307', 'Araceli', 'Ferrer Varela', '1980-06-18'),
(772, 30, '4778342509', 'Óscar', 'Herrera Malo', '1991-01-31');
INSERT INTO `votantes` (`id_votante`, `id_distrito`, `dni`, `nombre`, `apellidos`, `fecha_nacimiento`) VALUES
(773, 18, '7000426254', 'Hilario', 'Pujadas Campillo', '1985-10-23'),
(774, 29, '4415030442', 'Luis Miguel', 'Molina Agustín', '2001-01-22'),
(775, 13, '9305756564', 'Felicidad', 'Villa Prado', '1960-07-27'),
(776, 28, '734015716', 'Petrona', 'Angulo Céspedes', '1987-01-05'),
(777, 5, '1970019599', 'Régulo', 'Páez Manjón', '1997-07-08'),
(778, 6, '262880146', 'Priscila', 'Escamilla Lillo', '1996-04-11'),
(779, 21, '7875096662', 'Plinio', 'Viña Calvet', '1974-12-18'),
(780, 2, '8592274341', 'Saturnina', 'Falcón Armengol', '1982-05-06'),
(781, 6, '6367149900', 'Griselda', 'Gálvez Sáez', '1977-09-19'),
(782, 30, '9045142311', 'Ovidio', 'Ricart Guzmán', '1960-11-20'),
(783, 12, '8418700024', 'Modesta', 'Pellicer Alberto', '1963-02-10'),
(784, 13, '2713886', 'Arturo', 'Ochoa Portero', '2006-02-02'),
(785, 2, '1732147710', 'Dora', 'Pagès Frutos', '1961-01-26'),
(786, 5, '8376541581', 'Roldán', 'Marco Caballero', '1997-11-12'),
(787, 13, '2428087857', 'Paola', 'Ríos Mariscal', '1989-04-17'),
(788, 4, '8812355110', 'María', 'Tena Aliaga', '2004-05-17'),
(789, 11, '9098094305', 'Agustina', 'Cáceres Ribas', '2003-08-20'),
(790, 32, '3451632762', 'Américo', 'Carbajo Frías', '1989-01-01'),
(791, 17, '2954646054', 'Asdrubal', 'Gual Linares', '1980-01-05'),
(792, 21, '8456485428', 'Eleuterio', 'Aroca Pozuelo', '1992-10-29'),
(793, 2, '9767866922', 'Olegario', 'Roca Pérez', '1985-05-12'),
(794, 17, '5002926903', 'Antonio', 'Pina Cifuentes', '1968-06-21'),
(795, 14, '4796744687', 'Visitación', 'Núñez Rubio', '1992-05-26'),
(796, 14, '4883064362', 'Teodoro', 'Escalona Espinosa', '1972-03-13'),
(797, 20, '9126308071', 'Adán', 'Mármol Guzman', '1974-07-23'),
(798, 25, '5561532605', 'Nadia', 'Andreu Jordán', '1993-11-05'),
(799, 27, '5614824413', 'Valentina', 'Porcel Mateos', '1996-09-21'),
(800, 17, '9829349192', 'Mireia', 'Morell Perales', '2000-07-16'),
(801, 28, '9547013645', 'Ulises', 'Morera Donaire', '1966-06-15'),
(802, 2, '3512343329', 'Bienvenida', 'Gomis Milla', '1960-04-23'),
(803, 21, '4884150410', 'Nazario', 'Oliveras Gibert', '1966-10-23'),
(804, 21, '9303861829', 'Patricia', 'Barbero Acero', '1976-11-06'),
(805, 15, '1693876917', 'Genoveva', 'Esteban Bravo', '1964-07-09'),
(806, 30, '7641316784', 'Jordi', 'Clemente Sierra', '1993-07-22'),
(807, 13, '4969504517', 'María Pilar', 'Lillo Hoz', '2001-11-30'),
(808, 23, '9968554721', 'Imelda', 'Montesinos Morcillo', '1971-07-13'),
(809, 2, '9367085917', 'Guiomar', 'Mayoral Domínguez', '2006-04-04'),
(810, 23, '7910033335', 'Enrique', 'Milla Cadenas', '1987-07-13'),
(811, 24, '6452574540', 'Amaya', 'Pedrosa Blasco', '1990-06-04'),
(812, 27, '285873517', 'Nicodemo', 'Azorin Ángel', '2003-03-24'),
(813, 5, '4497533469', 'Mario', 'Bru Jordán', '1990-05-25'),
(814, 13, '6245346399', 'Julio César', 'Soto Grau', '1984-10-22'),
(815, 21, '2742888862', 'Pepe', 'Cid Martorell', '1989-09-22'),
(816, 30, '1270436719', 'Perla', 'Serra Carrera', '1984-02-24'),
(817, 2, '6788543541', 'Julia', 'Segovia Flores', '1977-08-02'),
(818, 7, '872627976', 'Nazario', 'Guardia Torres', '1994-08-21'),
(819, 17, '2294868026', 'Iván', 'Ferrero Casanovas', '1995-12-14'),
(820, 26, '5230296253', 'Celso', 'Bayona Font', '1976-03-15'),
(821, 10, '5077595467', 'Anselmo', 'Vilalta Sánchez', '1994-05-01'),
(822, 2, '4588388195', 'Narcisa', 'Dávila Tena', '1996-11-12'),
(823, 4, '2041045082', 'Agapito', 'Machado Royo', '1972-05-31'),
(824, 22, '9947014101', 'Bernardino', 'Millán Escudero', '1968-03-18'),
(825, 8, '5608065785', 'Nacho', 'Garcia Morán', '1975-04-21'),
(826, 2, '2198412860', 'Cosme', 'Vigil Campo', '1984-02-20'),
(827, 3, '2054567093', 'Luís', 'Lorenzo Pizarro', '1993-09-08'),
(828, 11, '8966269675', 'Alejandra', 'Salas Pinedo', '1970-12-17'),
(829, 14, '4003521294', 'Martín', 'Gomez Gallego', '1986-11-05'),
(830, 21, '9176419761', 'Elodia', 'Jimenez Peñalver', '2002-09-15'),
(831, 27, '7704599167', 'Juan Francisco', 'Noguera Badía', '2001-05-18'),
(832, 30, '8714459187', 'Angelino', 'Caparrós Asensio', '1996-02-12'),
(833, 27, '5756477375', 'Javier', 'Alegria Guillén', '2006-06-04'),
(834, 30, '7339541797', 'Fernando', 'Bustamante Blázquez', '1996-08-30'),
(835, 10, '6848114808', 'Gracia', 'Yuste Manrique', '1979-06-17'),
(836, 10, '9320943113', 'Macario', 'Porta Lluch', '1994-11-30'),
(837, 14, '9867862604', 'Maricruz', 'Seco Peláez', '1989-09-14'),
(838, 30, '9323070751', 'Visitación', 'Peláez Trujillo', '1982-04-04'),
(839, 18, '6747456639', 'Marisela', 'Vizcaíno Cases', '1995-03-02'),
(840, 14, '3186424477', 'Purificación', 'Aznar Escamilla', '1969-08-28'),
(841, 10, '4601873247', 'Marcia', 'Sevillano Benavent', '1969-04-06'),
(842, 2, '9875159450', 'Calixta', 'Expósito Sans', '1965-06-21'),
(843, 30, '1984799299', 'Ángeles', 'Moya Ángel', '1980-04-04'),
(844, 2, '3976988715', 'Teodoro', 'Valderrama Cuesta', '1995-06-29'),
(845, 30, '8568089675', 'Azeneth', 'Calvo Blanch', '1972-04-18'),
(846, 22, '3118659296', 'Felicia', 'Andreu Gallego', '1995-11-02'),
(847, 20, '6454380175', 'Marina', 'Rovira Carbonell', '1965-06-21'),
(848, 3, '2483016170', 'Emilia', 'Tur Bernal', '1978-08-13'),
(849, 14, '3526452373', 'Malena', 'Diaz Calzada', '1990-03-13'),
(850, 20, '4496805315', 'Maximiano', 'Coloma Rodríguez', '1988-09-04'),
(851, 19, '2513419649', 'Ismael', 'Pereira Borrás', '2002-08-19'),
(852, 22, '9934607113', 'Anna', 'Almansa Sobrino', '1960-09-14'),
(853, 4, '7168025371', 'Guiomar', 'Castañeda Prat', '1961-04-03'),
(854, 15, '522001184', 'Coral', 'Hernando Bernal', '1960-08-09'),
(855, 17, '6332115686', 'Eloy', 'Miró Olmedo', '1968-02-23'),
(856, 2, '9635111931', 'Teodosio', 'Arnal Barral', '2006-11-09'),
(857, 20, '6576105129', 'Pascuala', 'Cabrero Vallés', '1968-04-07'),
(858, 2, '4478433261', 'Nacio', 'Barrera Cerdá', '1980-04-07'),
(859, 20, '9501229656', 'Íñigo', 'Gabaldón Pérez', '1964-08-20'),
(860, 4, '8185249317', 'Josefina', 'Valderrama Fuster', '1985-09-10'),
(861, 12, '7548516672', 'Enrique', 'Sabater Bermúdez', '1974-08-31'),
(862, 29, '7259384311', 'Araceli', 'Quero Higueras', '1974-02-12'),
(863, 21, '1517110678', 'Nazaret', 'Barrena Aguilar', '2002-07-16'),
(864, 8, '8465353235', 'Cipriano', 'Pedraza Manzanares', '1990-07-17'),
(865, 4, '2858984193', 'Chema', 'Múñiz Polo', '1985-06-14'),
(866, 2, '9618187512', 'Amarilis', 'Estevez Palau', '1983-06-28'),
(867, 5, '496885473', 'Reynaldo', 'Manrique Hoz', '1986-08-19'),
(868, 7, '2634723298', 'Georgina', 'Cañete Verdejo', '1976-03-23'),
(869, 5, '6320202387', 'Germán', 'Saura Anaya', '1970-09-04'),
(870, 10, '5919368238', 'Adalberto', 'Novoa Ibañez', '1979-12-20'),
(871, 28, '9350526785', 'Celestino', 'Pina Jara', '1977-05-06'),
(872, 19, '1770422751', 'Andrés', 'Calvo Serrano', '1981-11-24'),
(873, 18, '5174309086', 'Blanca', 'Marí Recio', '1977-12-20'),
(874, 13, '534464557', 'Gonzalo', 'Abella Cerdá', '1993-04-08'),
(875, 6, '4209622941', 'Adán', 'Laguna Clavero', '1993-01-03'),
(876, 17, '1802591028', 'Telmo', 'Cañizares Verdú', '1966-11-13'),
(877, 13, '9720787122', 'Juan Antonio', 'Lillo Santana', '1967-10-17'),
(878, 13, '2486835953', 'Dora', 'Molins Galván', '1961-05-14'),
(879, 9, '6766052970', 'Consuelo', 'Arribas Ripoll', '1993-08-07'),
(880, 18, '6022110839', 'Jordana', 'Acevedo Durán', '1971-09-05'),
(881, 16, '8422071492', 'Dani', 'Gálvez Mulet', '1996-06-25'),
(882, 10, '1948517122', 'Raquel', 'Tudela Casal', '1990-10-04'),
(883, 20, '844158611', 'Felisa', 'Rodríguez Carretero', '1967-02-01'),
(884, 22, '7548658258', 'Primitiva', 'Lillo Arana', '1973-09-18'),
(885, 19, '9484424183', 'Anita', 'Yáñez Bas', '1994-05-31'),
(886, 29, '2119212740', 'Carlota', 'Soriano Salazar', '2004-04-04'),
(887, 14, '7505081222', 'Ariel', 'Girón Guillén', '1974-06-28'),
(888, 21, '6033153366', 'María', 'Taboada Sancho', '1960-11-04'),
(889, 2, '7857213588', 'Ciríaco', 'Guerrero Aguirre', '2001-01-25'),
(890, 13, '8643434308', 'Xiomara', 'Capdevila Oller', '1973-01-11'),
(891, 24, '99609130', 'Caridad', 'Castell Priego', '1968-12-17'),
(892, 25, '5792540023', 'Mirta', 'Diaz Ariza', '1977-09-21'),
(893, 27, '8881219586', 'Rebeca', 'Domínguez Guerrero', '1965-09-05'),
(894, 7, '2625140288', 'Lourdes', 'Palacio Sanjuan', '1991-04-28'),
(895, 21, '575313061', 'Julio', 'Losa Batalla', '1961-03-27'),
(896, 10, '8833017283', 'Jenny', 'Uría Lladó', '1966-09-06'),
(897, 5, '2426768854', 'Feliciano', 'Lillo Pera', '1976-03-29'),
(898, 18, '2762722902', 'Benigno', 'Tolosa Mendoza', '1966-08-14'),
(899, 24, '3966818618', 'Ernesto', 'Lluch Solana', '1961-10-23'),
(900, 24, '2038689728', 'Marcela', 'Porta Jaume', '1998-12-24'),
(901, 28, '1747509852', 'Gervasio', 'Elías Perea', '1965-03-18'),
(902, 27, '8554955434', 'Purificación', 'Martín Cobos', '1972-07-09'),
(903, 29, '1243876683', 'Juan Manuel', 'Gargallo Duque', '1988-06-03'),
(904, 6, '428117108', 'Bibiana', 'Aznar Aranda', '1972-12-27'),
(905, 10, '5606988599', 'Begoña', 'Rosado Cabezas', '2006-09-06'),
(906, 10, '1638454852', 'Aureliano', 'Taboada Albero', '1970-01-21'),
(907, 13, '6640686629', 'Vidal', 'Doménech Barba', '1970-03-15'),
(908, 13, '3345934272', 'Amílcar', 'Naranjo Guzmán', '1986-07-01'),
(909, 8, '582148285', 'Concepción', 'Palomo Ferrándiz', '1987-09-30'),
(910, 21, '2505651251', 'Agustín', 'Nicolau Sola', '1992-04-09'),
(911, 24, '6893058289', 'Amor', 'Barreda Báez', '1993-07-29'),
(912, 30, '1045373626', 'Nazario', 'Alberola Amo', '1991-04-18'),
(913, 17, '9518454479', 'Íñigo', 'Borrás Falcó', '1962-04-02'),
(914, 17, '7105372696', 'Francisco Javier', 'Cueto Bueno', '1967-04-29'),
(915, 12, '9466940513', 'Odalis', 'Pintor Armengol', '1994-07-22'),
(916, 7, '8914507434', 'Rosario', 'Valcárcel Cisneros', '1972-07-12'),
(917, 28, '515182601', 'Nilda', 'Izaguirre Molina', '1978-11-26'),
(918, 4, '7488196081', 'Mónica', 'Caparrós Valcárcel', '1967-06-12'),
(919, 8, '2445895492', 'Carla', 'Bayona Sáez', '1960-04-28'),
(920, 13, '6248267598', 'Mariano', 'Hierro Ramírez', '1963-07-23'),
(921, 6, '5590047612', 'Rocío', 'Catalá Espejo', '1984-06-06'),
(922, 27, '619440350', 'Flora', 'Puerta Alcántara', '1969-09-12'),
(923, 30, '1470258460', 'Iker', 'Lerma Blanca', '1969-07-21'),
(924, 11, '8663024857', 'Lalo', 'Mayol Salmerón', '1992-03-07'),
(925, 8, '3793752910', 'Remigio', 'Alsina Galindo', '2005-10-15'),
(926, 22, '5079363850', 'Felipa', 'Osuna Moles', '1966-04-26'),
(927, 8, '4855675222', 'Sebastian', 'Bermúdez Solana', '2000-11-27'),
(928, 24, '7809715915', 'Lola', 'Amador Cañete', '1978-04-17'),
(929, 10, '8366676167', 'Pastora', 'Palomar Orozco', '1967-07-07'),
(930, 4, '1641815384', 'Eleuterio', 'Camacho Camino', '1999-01-09'),
(931, 4, '2866524924', 'Miguel', 'Bou Donaire', '1989-02-23'),
(932, 18, '9816301376', 'Elvira', 'Riba Jara', '1992-06-27'),
(933, 11, '6682980286', 'Máxima', 'Vilaplana Robledo', '1968-07-13'),
(934, 28, '5213634642', 'Reynaldo', 'Barral Agustí', '1993-12-07'),
(935, 2, '6552053783', 'Mateo', 'Sastre Jove', '1961-07-03'),
(936, 20, '5285907642', 'Otilia', 'Borrego Canals', '1998-10-24'),
(937, 14, '4434678290', 'Lupe', 'Castrillo Boada', '1989-08-24'),
(938, 12, '1291821111', 'Aureliano', 'Quintanilla Ángel', '1973-08-12'),
(939, 20, '2685760051', 'Perla', 'Figueroa Moreno', '1975-07-31'),
(940, 10, '9786523170', 'Julio César', 'Viana Ruiz', '1978-04-19'),
(941, 11, '4082726881', 'Anna', 'Cruz Carpio', '1975-02-20'),
(942, 2, '6561782621', 'Melchor', 'Lledó Rosales', '1972-08-27'),
(943, 13, '9225736648', 'Roberta', 'Agustí Diéguez', '1964-05-19'),
(944, 26, '4285823626', 'Heraclio', 'Tur Colomer', '1960-11-19'),
(945, 18, '1412414932', 'Selena', 'Galindo Gibert', '1960-01-12'),
(946, 5, '261819082', 'Alejandro', 'Villena Peñas', '1976-10-25'),
(947, 24, '7702076566', 'Mar', 'Quintana Santana', '1976-03-06'),
(948, 21, '2550109762', 'Emma', 'Acuña Acero', '1995-01-08'),
(949, 20, '386466710', 'José Antonio', 'Carrera Ramis', '1960-01-28'),
(950, 2, '8689331536', 'Roberta', 'Bru Planas', '1998-07-12'),
(951, 26, '2696275651', 'Otilia', 'Gutierrez Chamorro', '2006-07-18'),
(952, 24, '2123741586', 'Yago', 'Segura Arribas', '1986-04-24'),
(953, 12, '8628187213', 'Natalia', 'Navarro Marín', '1996-11-13'),
(954, 30, '4084320126', 'Rita', 'Rodríguez Tenorio', '1977-06-14'),
(955, 1, '1668628610', 'Apolinar', 'Ayuso Alvarado', '2000-07-02'),
(956, 30, '6507090175', 'Isaura', 'Gilabert Ibañez', '1989-06-20'),
(957, 27, '9005606143', 'Petrona', 'Hidalgo Salinas', '1965-07-05'),
(958, 30, '3992468962', 'Azeneth', 'Blázquez Monreal', '1966-03-10'),
(959, 8, '5407956109', 'Angélica', 'Cid Mendizábal', '1970-02-09'),
(960, 19, '4178051451', 'Gonzalo', 'Juan Albero', '1964-07-20'),
(961, 10, '1559154043', 'Moisés', 'Haro Lobato', '1987-12-29'),
(962, 22, '1765728981', 'Victoriano', 'Montoya Perez', '1999-01-03'),
(963, 11, '5370353498', 'Cándida', 'Llano Quiroga', '1989-04-15'),
(964, 22, '1896729527', 'Lilia', 'Baeza Bustos', '1963-11-18'),
(965, 5, '2364536052', 'Juanito', 'Alcázar Chaparro', '1996-07-30'),
(966, 5, '3909493291', 'Jennifer', 'Vendrell Cornejo', '1969-04-09'),
(967, 2, '2802974096', 'Armida', 'Salom Malo', '1959-12-22'),
(968, 18, '8120421307', 'Epifanio', 'Aragonés Olivares', '1993-12-22'),
(969, 25, '3810677834', 'Anabel', 'Juárez Morcillo', '1969-02-22'),
(970, 22, '2008193510', 'Montserrat', 'Palmer Fernández', '1987-11-27'),
(971, 6, '1338196008', 'Iván', 'Ocaña Santos', '1961-01-29'),
(972, 5, '4331136363', 'Chucho', 'Cuervo Busquets', '1998-01-02'),
(973, 29, '4082013237', 'Carmen', 'Mármol Campo', '1997-04-02'),
(974, 18, '9088989885', 'Silvio', 'Baños Egea', '2002-11-15'),
(975, 10, '8480639850', 'Osvaldo', 'Alemán Madrid', '2005-03-09'),
(976, 14, '1707604883', 'Sol', 'Angulo Barrera', '1991-07-07'),
(977, 3, '2583916930', 'Isidoro', 'Baquero Lamas', '1988-11-30'),
(978, 29, '1754058263', 'Baltasar', 'Blázquez Castell', '1998-02-09'),
(979, 23, '9630617841', 'Eric', 'Sedano Bolaños', '1961-11-29'),
(980, 7, '8975326615', 'Serafina', 'Echevarría Fonseca', '1968-07-19'),
(981, 2, '6988541887', 'Bruno', 'Orozco Borrás', '1968-05-29'),
(982, 11, '8716056605', 'Verónica', 'Lamas Perelló', '1960-09-05'),
(983, 10, '6139154182', 'Maricruz', 'Morcillo Gomez', '1977-06-28'),
(984, 6, '5635240019', 'Luciana', 'Arteaga Mayoral', '2004-06-22'),
(985, 5, '6183919686', 'Isidoro', 'Marín Piñol', '1961-08-10'),
(986, 24, '9049800716', 'Chus', 'Méndez Guzmán', '1960-05-12'),
(987, 21, '5866714635', 'Loida', 'Fuentes Mendoza', '1993-05-13'),
(988, 25, '3630726080', 'Juan Antonio', 'Gutierrez Olmo', '1997-11-21'),
(989, 5, '8422871203', 'Celso', 'Tudela Redondo', '1996-04-14'),
(990, 17, '726179892', 'Maximino', 'Cadenas Cases', '1991-02-13'),
(991, 14, '5082118323', 'Víctor', 'Acevedo Vergara', '1986-07-27'),
(992, 29, '7934110333', 'Juliana', 'Ponce Ortega', '1987-02-16'),
(993, 30, '4091830586', 'Roberta', 'Castillo Llorente', '1965-02-08'),
(994, 22, '8580441802', 'Reyes', 'Salamanca Vicens', '1978-03-29'),
(995, 7, '5555333218', 'Adelia', 'Bernat Cuervo', '1999-03-29'),
(996, 13, '8848017137', 'Hipólito', 'Pardo Alcolea', '1962-05-19'),
(997, 21, '4005698566', 'Noelia', 'Vicens Mateos', '1993-12-17'),
(998, 4, '6724309477', 'Marcial', 'Coello Casas', '1975-11-28'),
(999, 11, '5194655125', 'Balduino', 'Meléndez Rius', '1985-08-24'),
(1000, 5, '2352283837', 'Dan', 'Contreras Bolaños', '1982-10-12'),
(1001, 4, '9675607063', 'Malena', 'Palacio Céspedes', '1984-03-08'),
(1002, 20, '9692787315', 'Mireia', 'Dueñas Alemany', '1987-02-03'),
(1003, 2, '9805646155', 'Olivia', 'Borja Casals', '1966-10-10'),
(1004, 20, '6925459162', 'María Ángeles', 'Ferrán Bernat', '1996-01-16'),
(1005, 5, '4925261147', 'Josep', 'Acedo Romeu', '1975-10-14'),
(1006, 4, '1317365278', 'Nicolás', 'Madrigal Vall', '1994-02-07'),
(1007, 30, '3462995869', 'Lourdes', 'Barón Álvarez', '1995-01-24'),
(1008, 22, '9780617385', 'Nicolasa', 'Rivas Alvarado', '1987-06-20'),
(1009, 6, '6035080212', 'Rosenda', 'Alfaro Olivera', '1966-08-03'),
(1010, 2, '3507092820', 'Armando', 'Espada Bou', '1970-11-07'),
(1011, 4, '5888700663', 'Gustavo', 'Lorenzo Blanca', '1972-08-02'),
(1012, 11, '125875182', 'Leandra', 'Querol Azcona', '1981-01-20'),
(1013, 19, '1820567704', 'Palmira', 'Heras Valdés', '1969-07-30'),
(1014, 27, '9021493398', 'Luna', 'Vazquez Plaza', '1963-06-30'),
(1015, 15, '4241083889', 'Hermenegildo', 'Cárdenas Barrios', '1973-08-13'),
(1016, 30, '9041054634', 'Victoriano', 'Ayala Bernat', '1965-12-25'),
(1017, 29, '7763530184', 'Anacleto', 'Alcalde Gallego', '1980-02-29'),
(1018, 22, '501551011', 'Custodio', 'Valderrama Cabeza', '2000-01-09'),
(1019, 14, '7828160589', 'María Belén', 'Ribera Arroyo', '1967-01-14'),
(1020, 5, '7549136876', 'Soledad', 'Cortés Pacheco', '2006-06-04'),
(1021, 5, '4254698920', 'Lorenza', 'Vera Jordán', '1966-08-07'),
(1022, 4, '6545029775', 'Rufina', 'Pastor Agustí', '2002-09-05'),
(1023, 21, '517459082', 'Hernán', 'Río Niño', '1975-02-07'),
(1024, 10, '9301389360', 'Dimas', 'Alsina Sureda', '1971-03-23'),
(1025, 7, '7890374506', 'Azeneth', 'Acevedo Soto', '1969-04-05'),
(1026, 10, '7642420239', 'Elena', 'Barbero González', '1991-09-27'),
(1027, 8, '1784566497', 'Teodosio', 'Amorós Vigil', '1967-06-15'),
(1028, 17, '3585393828', 'Efraín', 'Franco Plana', '1976-12-30'),
(1029, 7, '6361369582', 'Matilde', 'Carrillo Figuerola', '1992-11-28'),
(1030, 32, '973604824', 'Victorino', 'Rius Camino', '1960-05-15'),
(1031, 14, '9821713918', 'Albino', 'Pazos Ortiz', '1991-07-29'),
(1032, 13, '2149636709', 'Albino', 'Doménech Jimenez', '2005-06-06'),
(1033, 16, '8023542548', 'Guillermo', 'Cepeda Garcés', '1986-10-17'),
(1034, 2, '4140386115', 'Fermín', 'Carrión Portillo', '1999-09-17'),
(1035, 2, '8561219277', 'Eligia', 'Piñeiro Ortuño', '1990-12-02'),
(1036, 10, '5409861789', 'Griselda', 'Suarez Aller', '1986-05-12'),
(1037, 27, '7734579052', 'Isabel', 'Palacios Batalla', '1989-08-17'),
(1038, 21, '508499097', 'Crescencia', 'Pastor Cifuentes', '1965-12-25'),
(1039, 29, '1382352682', 'Magdalena', 'Carlos Ramos', '1980-03-09'),
(1040, 27, '3536696963', 'Román', 'Belmonte Acuña', '1992-07-31'),
(1041, 5, '3984628629', 'Isaac', 'Figueroa Pascual', '1963-01-20'),
(1042, 19, '7588536155', 'Teodora', 'Crespi Luján', '1974-04-25'),
(1043, 13, '2984307117', 'Estefanía', 'Girona Cerro', '1979-07-14'),
(1044, 5, '9847651042', 'Blas', 'Giménez Alvarez', '1960-08-03'),
(1045, 11, '9050084162', 'Teodoro', 'Benavente Alcántara', '1981-06-04'),
(1046, 29, '3685733297', 'Arturo', 'Colom Cabrero', '1984-12-16'),
(1047, 30, '3915257665', 'René', 'Tamayo Pastor', '1997-04-29'),
(1048, 6, '8543384683', 'Jovita', 'Manso Quintero', '1976-07-28'),
(1049, 10, '9582451694', 'Rufina', 'Murcia Guerrero', '1980-12-24'),
(1050, 27, '2362019922', 'Ciro', 'Acero Moreno', '1961-01-21'),
(1051, 31, '3522669381', 'Silvia', 'Llorente Valenzuela', '1988-07-08'),
(1052, 22, '4267587298', 'Amor', 'Vega Rodriguez', '1968-03-20'),
(1053, 11, '5669602939', 'Jose Manuel', 'Navas Montesinos', '1967-06-18'),
(1054, 28, '9177553719', 'María Luisa', 'Benito Sanchez', '1993-06-03'),
(1055, 18, '422970780', 'Joaquín', 'Perales Valenciano', '1994-05-17'),
(1056, 22, '4717859996', 'Porfirio', 'Jover Cortes', '1985-07-04'),
(1057, 18, '2746596425', 'María Belén', 'Serrano Cuevas', '1975-05-08'),
(1058, 2, '7448985102', 'Alejo', 'Corral Marqués', '1979-10-25'),
(1059, 11, '8550314643', 'María Pilar', 'Losada Rocamora', '1991-05-17'),
(1060, 4, '2012466284', 'Angelino', 'Palma Barón', '1989-12-10'),
(1061, 29, '436994120', 'Édgar', 'Frutos Barriga', '1993-12-03'),
(1062, 1, '1992200279', 'Porfirio', 'Plana Lago', '2004-04-14'),
(1063, 19, '3232557668', 'Alicia', 'Barriga Gascón', '1966-07-18'),
(1064, 18, '6385224704', 'Marino', 'Gracia Alcázar', '1972-07-13'),
(1065, 14, '8111764189', 'Manu', 'Beltran Mata', '1994-02-21'),
(1066, 5, '7931413717', 'Julieta', 'Segovia Escrivá', '1985-12-24'),
(1067, 8, '213934655', 'Chus', 'Duque Márquez', '1977-07-23'),
(1068, 19, '6563042060', 'Eusebio', 'Sanmartín Estevez', '1997-08-30'),
(1069, 30, '4491218283', 'Sigfrido', 'Romero Iglesia', '1969-02-26'),
(1070, 15, '4339143600', 'Fortunata', 'Pi Gabaldón', '1969-09-06'),
(1071, 14, '1452804067', 'Lucía', 'Quero Tamarit', '1988-04-23'),
(1072, 20, '2970522036', 'Pepito', 'Casares Gibert', '1995-11-23'),
(1073, 27, '4518813344', 'Teresita', 'Andrés Lago', '1995-01-29'),
(1074, 9, '2918101563', 'Gabriel', 'Barceló Nadal', '1985-02-09'),
(1075, 2, '3338996827', 'Juan Antonio', 'Aguado Oliver', '1961-08-16'),
(1076, 28, '4916836707', 'Heraclio', 'Ripoll Blanes', '1982-03-04'),
(1077, 21, '6225005492', 'José Ángel', 'Agullo Miralles', '1972-12-13'),
(1078, 9, '7464080404', 'Sergio', 'Sanjuan Barco', '1992-02-17'),
(1079, 14, '8082423578', 'Angelina', 'Nicolau Ocaña', '1977-03-24'),
(1080, 31, '4976944609', 'Remedios', 'Benítez Amorós', '1976-04-24'),
(1081, 28, '6558280812', 'Eugenio', 'Escrivá Tapia', '1974-03-11'),
(1082, 2, '7989985174', 'Maribel', 'Castillo Sarabia', '1973-12-06'),
(1083, 14, '774221044', 'Lara', 'Echeverría Echevarría', '2003-09-07'),
(1084, 5, '4927294039', 'Cristian', 'Camino Benavides', '1991-07-11'),
(1085, 30, '7860358355', 'Florina', 'Trillo Rojas', '2001-03-08'),
(1086, 2, '2112349971', 'Teo', 'Córdoba Barceló', '1979-12-09'),
(1087, 6, '9266884224', 'Sol', 'Peral Carbonell', '1979-07-23'),
(1088, 25, '6667881685', 'Corona', 'Guerrero Antúnez', '1985-05-26'),
(1089, 14, '2485002985', 'Hipólito', 'Escamilla Exposito', '1961-11-28'),
(1090, 22, '3858979878', 'Margarita', 'Reyes Alcalá', '1966-05-28'),
(1091, 2, '8119564548', 'Gerónimo', 'Puga Leiva', '1993-08-11'),
(1092, 21, '3559777402', 'Benjamín', 'Roca Amaya', '1964-10-03'),
(1093, 21, '6230180559', 'Sol', 'Aliaga Garzón', '1965-05-13'),
(1094, 9, '5128268873', 'Susana', 'Ariza Noriega', '2006-07-12'),
(1095, 10, '4436263695', 'Dalila', 'Fiol Gallardo', '1972-06-19'),
(1096, 20, '1970694258', 'José Luis', 'Losa Peñas', '1999-03-14'),
(1097, 2, '7766760796', 'Feliciano', 'Lopez Salcedo', '1989-05-18'),
(1098, 19, '4204291609', 'Yolanda', 'Adadia Girón', '1998-03-13'),
(1099, 19, '8729569630', 'Rómulo', 'Morcillo Juan', '1964-01-14'),
(1100, 4, '6657378385', 'César', 'Gilabert Gomila', '1968-07-21'),
(1101, 14, '7551027673', 'Geraldo', 'Bonet Cuesta', '1998-11-10'),
(1102, 18, '1664801050', 'Pablo', 'Asenjo Martín', '1998-03-22'),
(1103, 8, '7804403024', 'Benigno', 'Casares Ros', '1988-06-17'),
(1104, 30, '6238708443', 'Flavia', 'Muñoz Duarte', '1990-10-06'),
(1105, 6, '3706611053', 'Carolina', 'Mateu Pagès', '1973-11-15'),
(1106, 29, '6820889546', 'Juan Manuel', 'Pereira Alvarado', '1990-09-12'),
(1107, 5, '3104342076', 'Anselma', 'Royo Mata', '1960-02-01'),
(1108, 24, '3741076839', 'Fortunato', 'Arribas Agustín', '2005-02-26'),
(1109, 4, '9033530587', 'Purificación', 'Duarte Artigas', '1971-03-09'),
(1110, 28, '3495450858', 'Estefanía', 'Antúnez Losa', '1977-07-10'),
(1111, 17, '3925040657', 'Daniela', 'Gomis Durán', '1970-07-28'),
(1112, 8, '826474162', 'Hilario', 'Duran Agudo', '1971-04-25'),
(1113, 13, '5345853522', 'Bonifacio', 'Armas Correa', '1985-05-12'),
(1114, 23, '7753964973', 'Omar', 'Barranco Carballo', '2001-12-18'),
(1115, 10, '5745139935', 'Nando', 'Aragonés Gonzalez', '1987-06-11'),
(1116, 10, '9813300389', 'Miguela', 'Galindo Ferrer', '1976-08-10'),
(1117, 4, '4991616188', 'Remedios', 'Hoz Prado', '1971-01-01'),
(1118, 30, '6837998103', 'Eligio', 'Aguilar Amor', '1983-07-01'),
(1119, 23, '989953171', 'Edmundo', 'Leon León', '1966-01-19'),
(1120, 5, '2490168510', 'Vicente', 'Mínguez Pozo', '1981-03-14'),
(1121, 21, '2640494685', 'Basilio', 'Carranza Clavero', '1976-05-31'),
(1122, 22, '8448118432', 'Samu', 'Figuerola Benet', '1992-08-20'),
(1123, 20, '6269731996', 'Dionisia', 'Peral Lobo', '1970-10-15'),
(1124, 7, '4358908489', 'Germán', 'Ledesma Buendía', '1998-06-08'),
(1125, 14, '6219699844', 'Esther', 'Cabañas Cazorla', '1972-03-14'),
(1126, 5, '5993726567', 'Carlos', 'Grande Cabo', '1992-09-01'),
(1127, 30, '1599347213', 'Lorenza', 'Pérez Castellanos', '1988-09-19'),
(1128, 7, '5472086746', 'Melchor', 'Corbacho Verdugo', '2002-09-26'),
(1129, 24, '8236929261', 'José', 'Piñol Calderon', '1969-07-20'),
(1130, 12, '3011714914', 'Tania', 'Roig Carreño', '1990-06-03'),
(1131, 20, '981694813', 'Adalberto', 'Cuadrado Leiva', '1981-05-11'),
(1132, 4, '3756206293', 'Julián', 'Barriga Feijoo', '1971-03-17'),
(1133, 20, '3028598526', 'Bernardino', 'Otero Grau', '1982-06-24'),
(1134, 30, '1523105932', 'Maximino', 'Burgos Lillo', '1974-03-06'),
(1135, 14, '599465828', 'Cándida', 'Calzada Marí', '1976-01-28'),
(1136, 2, '8801974405', 'Renata', 'Sala Toro', '2000-02-18'),
(1137, 30, '4894791950', 'Adelaida', 'Castañeda Perelló', '1976-12-30'),
(1138, 5, '3693541056', 'Fabio', 'Bueno Valls', '1996-12-31'),
(1139, 16, '9604693630', 'Olivia', 'Izquierdo Montoya', '1996-08-15'),
(1140, 30, '3398250825', 'Dominga', 'Escribano Aguilera', '1980-06-24'),
(1141, 17, '6369876804', 'Ariel', 'Rosado Ureña', '2003-01-16'),
(1142, 20, '2467807099', 'Horacio', 'Guitart Domínguez', '1999-12-21'),
(1143, 2, '6692375192', 'Paulino', 'Bustos Palma', '2001-12-01'),
(1144, 14, '4049106328', 'Fito', 'Nieto Solera', '1996-11-02'),
(1145, 2, '7153320297', 'Toribio', 'Llopis Barceló', '1995-04-07'),
(1146, 12, '7663887985', 'Macaria', 'Águila Fernandez', '1996-09-28'),
(1147, 3, '7622869139', 'Juana', 'Ruiz Tejedor', '1969-01-29'),
(1148, 27, '738309542', 'Manola', 'Verdejo Larrea', '1986-12-21'),
(1149, 2, '2071269557', 'Genoveva', 'Diéguez Pareja', '1980-08-29'),
(1150, 27, '3968454311', 'Rosalva', 'Montaña Perea', '1965-05-08'),
(1151, 4, '1682725757', 'Catalina', 'Cuenca Duque', '1972-05-21'),
(1152, 30, '8029769425', 'Adán', 'Camino Español', '1983-11-23'),
(1153, 2, '7024975392', 'Florentino', 'Marín Salvador', '1971-08-10'),
(1154, 19, '6667810623', 'Gonzalo', 'Infante Escribano', '2003-11-12'),
(1155, 30, '54599257', 'Renata', 'Doménech Cámara', '1976-08-12'),
(1156, 27, '8255176775', 'Chucho', 'Madrigal Díez', '2000-04-26'),
(1157, 13, '8647679295', 'Julia', 'Rios Prado', '1971-06-25'),
(1158, 5, '1904319901', 'Eloy', 'Redondo Pujadas', '1959-11-30'),
(1159, 12, '3604093744', 'Custodia', 'Paniagua Ros', '1973-02-09'),
(1160, 32, '795048055', 'Albina', 'López Ariza', '1961-03-04'),
(1161, 27, '3080249396', 'Encarnacion', 'Benavides Ayllón', '1965-08-21'),
(1162, 13, '2469266124', 'Jose Luis', 'Peláez Font', '1996-07-22'),
(1163, 19, '2659387720', 'Eloy', 'Cueto Martí', '1991-06-13'),
(1164, 29, '402207158', 'Dora', 'Girón Piña', '1960-04-15'),
(1165, 17, '2984262822', 'Simón', 'Almazán Ángel', '1969-08-31'),
(1166, 15, '6276680631', 'Genoveva', 'Arcos Montes', '1987-02-11'),
(1167, 13, '5501795570', 'Dan', 'Ripoll Ballesteros', '1992-02-25'),
(1168, 29, '8485208067', 'Sabina', 'Castilla Portillo', '1979-01-16'),
(1169, 8, '9527906644', 'Begoña', 'Otero Alarcón', '1960-11-24'),
(1170, 14, '6753590861', 'Javier', 'Sierra Durán', '1973-07-01'),
(1171, 2, '5460522214', 'Cipriano', 'Sales Roig', '2004-09-28'),
(1172, 14, '9547417633', 'Dan', 'Fuster Figuerola', '1987-10-27'),
(1173, 17, '492487564', 'Fernanda', 'Jove Luna', '1966-03-27'),
(1174, 7, '8439600419', 'Marcelino', 'Cervantes Folch', '1966-08-23'),
(1175, 26, '5966093597', 'Leoncio', 'Maestre Carnero', '1973-04-11'),
(1176, 27, '1974682922', 'Abril', 'Soriano Pont', '1995-07-06'),
(1177, 12, '5849798054', 'Sosimo', 'Angulo Roca', '1974-01-29'),
(1178, 30, '7688159429', 'Elisabet', 'Manzano Escolano', '2002-05-03'),
(1179, 21, '4186210352', 'Olivia', 'Lobato Romero', '1964-08-15'),
(1180, 14, '6328125246', 'Rosa', 'Nieto Cabo', '1994-09-16'),
(1181, 21, '6659256649', 'Alex', 'Bolaños Urrutia', '2002-01-25'),
(1182, 21, '810828128', 'Marcelino', 'España Armengol', '1971-05-18'),
(1183, 18, '9822723906', 'Isidoro', 'Salgado Mena', '1978-01-14'),
(1184, 30, '7608515791', 'Casemiro', 'Valderrama Diéguez', '1974-10-19'),
(1185, 6, '5448888582', 'Tiburcio', 'Naranjo Ferrándiz', '1993-12-27'),
(1186, 27, '7833654137', 'Constanza', 'Jaume Sanabria', '1998-09-14'),
(1187, 5, '46300897', 'Plinio', 'Marcos Pelayo', '1975-03-27'),
(1188, 23, '3268749912', 'Silvio', 'Armengol Lucas', '2006-09-23'),
(1189, 29, '2008371727', 'Hector', 'Villalobos Roura', '1978-01-04'),
(1190, 14, '8861459309', 'Albano', 'Acero Nicolau', '1975-05-09'),
(1191, 17, '8098746608', 'Alma', 'Leal Díaz', '1966-02-11'),
(1192, 3, '1196264906', 'Miguel Ángel', 'Alcázar Antúnez', '1999-06-21'),
(1193, 30, '3354423274', 'Albina', 'Bermejo Juárez', '2005-08-15'),
(1194, 3, '1835415852', 'Marcos', 'Torres Reguera', '1966-04-13'),
(1195, 27, '1261002469', 'Xavier', 'Vazquez Yáñez', '1977-09-20'),
(1196, 2, '1184583646', 'Zacarías', 'Azcona Prieto', '1985-06-05'),
(1197, 2, '8943644024', 'Marina', 'Sanmiguel Ortega', '1988-03-06'),
(1198, 19, '2007269420', 'Iris', 'Pons Guillen', '1987-05-25'),
(1199, 2, '4583346716', 'Genoveva', 'Martinez Bonet', '1995-03-31'),
(1200, 20, '256884011', 'Víctor', 'Talavera Diaz', '1999-02-25'),
(1201, 2, '3621186982', 'Aitor', 'Villanueva Mena', '1982-08-29'),
(1202, 12, '8766069895', 'Wálter', 'Plaza Almagro', '1979-08-20'),
(1203, 12, '4193146503', 'Prudencio', 'Requena Romero', '1962-02-27'),
(1204, 17, '156787700', 'Julieta', 'Huguet Saldaña', '1978-01-24'),
(1205, 1, '8224204545', 'Dora', 'Verdú Hoyos', '1974-04-10'),
(1206, 8, '4411145203', 'Almudena', 'Sacristán Galván', '1961-05-30'),
(1207, 10, '7805773937', 'Adriana', 'Carreño Cerdá', '1972-05-08'),
(1208, 29, '3156352400', 'Sosimo', 'Reguera Talavera', '1998-12-31'),
(1209, 22, '7053938684', 'Maura', 'Bertrán Alegre', '1994-09-24'),
(1210, 9, '6145702684', 'Isaías', 'Vallés Mur', '2005-11-30'),
(1211, 5, '3549582675', 'Roldán', 'Sotelo Fuertes', '1998-11-12'),
(1212, 20, '1781166078', 'Marco', 'Dominguez Villa', '2001-12-11'),
(1213, 18, '1717149150', 'Manuela', 'Miranda Mora', '1961-05-21'),
(1214, 19, '7030005183', 'Concepción', 'Cervera Chamorro', '1967-12-03'),
(1215, 30, '7277690297', 'Benigno', 'Jáuregui Rocamora', '1965-03-09'),
(1216, 17, '7401467732', 'Amor', 'Ramírez Portillo', '1973-11-28'),
(1217, 2, '4594447367', 'María Carmen', 'Cánovas Alcolea', '1992-03-10'),
(1218, 8, '2496897808', 'María Fernanda', 'Verdú Bernat', '2005-09-08'),
(1219, 29, '3996418682', 'Amor', 'Carretero Correa', '1988-05-21'),
(1220, 17, '7311872268', 'Sol', 'Frías Guijarro', '1991-06-13'),
(1221, 12, '4683391352', 'Malena', 'Aguado Rocha', '1980-11-07'),
(1222, 17, '6918101230', 'Francisco Javier', 'Quirós Manzanares', '1970-08-18'),
(1223, 30, '129738207', 'Lina', 'Guitart Bonet', '2005-10-19'),
(1224, 4, '3311775041', 'Nacho', 'Mate Aliaga', '1967-08-01'),
(1225, 27, '5507337708', 'Matilde', 'Riquelme Sancho', '1961-09-19'),
(1226, 22, '8563666167', 'Elena', 'Escobar Bartolomé', '2001-11-16'),
(1227, 6, '6608272008', 'Goyo', 'Abril Pedro', '1977-06-26'),
(1228, 30, '2278488482', 'Lalo', 'Guerra Vila', '1978-10-23'),
(1229, 27, '8823166334', 'Eugenio', 'Benet Solano', '1996-07-23'),
(1230, 2, '4774483398', 'Adriana', 'Vallés Adán', '1986-03-10'),
(1231, 28, '7018052519', 'Felipa', 'Linares Girona', '2006-01-07'),
(1232, 22, '4784154528', 'Sol', 'Álamo Azorin', '1966-11-25'),
(1233, 2, '7949615453', 'Sofía', 'Cifuentes Vicente', '1966-03-27'),
(1234, 21, '1411186998', 'Heraclio', 'Sanchez Arteaga', '1967-09-07'),
(1235, 17, '2044206825', 'Elena', 'Costa Revilla', '2002-10-27'),
(1236, 22, '1281376923', 'Victor Manuel', 'Asensio Frutos', '1962-01-04'),
(1237, 28, '2316796568', 'Aura', 'Bastida Santos', '1970-09-27'),
(1238, 17, '1727054325', 'Benigna', 'Daza Ribera', '1997-05-04'),
(1239, 19, '9336628585', 'Sabina', 'Marti Martínez', '1995-09-24'),
(1240, 11, '4065299908', 'Gertrudis', 'Aliaga Seco', '1969-12-02'),
(1241, 11, '8443651533', 'Clara', 'Espejo Solera', '2002-11-10'),
(1242, 19, '1183736293', 'Carlos', 'Rius Abril', '1988-09-05'),
(1243, 18, '2943869220', 'Loida', 'Plaza Canet', '1971-07-26'),
(1244, 5, '7730121132', 'Santiago', 'Pou Cazorla', '1960-12-14'),
(1245, 2, '2394312477', 'Bernarda', 'Cañellas Alegria', '1976-03-26'),
(1246, 1, '2683926974', 'Yago', 'Barberá Díez', '1988-07-24'),
(1247, 22, '9425813980', 'Valentina', 'Lamas Lozano', '1978-03-23'),
(1248, 20, '5232739172', 'Nieves', 'Pizarro Espejo', '2003-07-31'),
(1249, 6, '5381945214', 'Azahara', 'Tormo Aguado', '1965-06-03'),
(1250, 7, '767264594', 'Magdalena', 'Marquez Clavero', '1980-03-11'),
(1251, 23, '9287034804', 'Sarita', 'Pereira Garrido', '1987-08-25'),
(1252, 22, '2562681406', 'Delfina', 'Bosch Costa', '1975-01-22'),
(1253, 4, '6264335871', 'Jose Ramón', 'Agullo España', '1997-05-31'),
(1254, 28, '8201122737', 'Clotilde', 'Sanmiguel Quirós', '1963-11-24'),
(1255, 5, '9663356823', 'Renato', 'Sanchez Abascal', '1968-11-13'),
(1256, 5, '1261191283', 'Remigio', 'Monreal Cañas', '2006-10-30'),
(1257, 10, '1324304600', 'Pastor', 'Pacheco Girón', '1988-10-23'),
(1258, 25, '9688768416', 'Marisa', 'Bernad Sabater', '1984-11-19'),
(1259, 10, '9785573382', 'Alcides', 'Herrero Páez', '1978-05-28'),
(1260, 22, '2348420917', 'Diego', 'Ortuño Sans', '1993-10-24'),
(1261, 6, '9658392236', 'Rafael', 'Lloret Páez', '1987-11-15'),
(1262, 19, '546204415', 'Tiburcio', 'Arenas Piquer', '1987-05-03'),
(1263, 18, '7760134803', 'Elisabet', 'Ángel Raya', '1979-03-15'),
(1264, 21, '2513875172', 'Efraín', 'Peralta Menéndez', '1998-06-23'),
(1265, 28, '7802222979', 'Viviana', 'Dávila Cepeda', '1963-05-02'),
(1266, 17, '8380837805', 'Gilberto', 'Zamorano Pombo', '1972-06-14'),
(1267, 29, '2662375512', 'Aitor', 'Plana Riera', '1986-12-28'),
(1268, 11, '6800680768', 'Galo', 'Fajardo Ochoa', '1985-07-19'),
(1269, 20, '3526687645', 'Dionisia', 'Huguet Garriga', '1981-09-17'),
(1270, 11, '7450925801', 'Rosaura', 'Pulido Villa', '1991-06-21'),
(1271, 28, '7344890406', 'Virgilio', 'Exposito Perales', '1989-06-01'),
(1272, 5, '4348041517', 'Domingo', 'Huerta Iñiguez', '1995-08-20'),
(1273, 27, '741597322', 'Azeneth', 'Infante Huerta', '1966-05-28'),
(1274, 30, '1406046134', 'Elisa', 'Álvarez Falcó', '2000-09-09'),
(1275, 6, '363516573', 'Edmundo', 'Quevedo Agustín', '1961-11-22'),
(1276, 6, '4580576269', 'Manuel', 'Ayala Soler', '1987-01-15'),
(1277, 21, '7698339953', 'Manu', 'González Aragón', '1979-03-28'),
(1278, 20, '2422460343', 'Isaac', 'Mas Carrasco', '1961-01-11'),
(1279, 4, '9466645836', 'Octavia', 'Valcárcel Montoya', '1970-04-05'),
(1280, 4, '2018966707', 'Anacleto', 'Royo Morán', '2005-07-31'),
(1281, 10, '5943137103', 'Feliciano', 'Cerdá Martin', '1960-09-01'),
(1282, 9, '2787281376', 'Bartolomé', 'Villena España', '1975-10-15'),
(1283, 22, '996980049', 'Clotilde', 'Tormo Roldan', '1989-01-10'),
(1284, 12, '3437690152', 'Esther', 'Julián Pérez', '1968-05-29'),
(1285, 6, '8735771191', 'Rocío', 'Pelayo Quesada', '1996-03-25'),
(1286, 8, '18527820', 'Ainoa', 'Pastor Hoyos', '2002-08-17'),
(1287, 4, '4016836711', 'Vidal', 'Real Rebollo', '1966-09-26'),
(1288, 25, '2062838013', 'Marita', 'Manrique Agudo', '1980-12-18'),
(1289, 25, '8329558711', 'Amor', 'Jiménez Carreño', '1971-01-05'),
(1290, 27, '1365746655', 'Camilo', 'Ferrera Toledo', '2004-11-03'),
(1291, 7, '6952146780', 'Remedios', 'Quiroga Caballero', '1960-10-05'),
(1292, 17, '4517574593', 'Amelia', 'Valcárcel Ferrándiz', '2003-08-11'),
(1293, 9, '728247218', 'Anabel', 'Olmo Barrios', '1975-04-05'),
(1294, 10, '1799779064', 'Marita', 'Escobar Arrieta', '1969-11-15'),
(1295, 6, '7280011617', 'Perla', 'Belda Fiol', '1994-12-26'),
(1296, 20, '2079963524', 'Humberto', 'Segura Arjona', '1972-10-25'),
(1297, 27, '9870994420', 'Gerónimo', 'Marin Menéndez', '1978-08-12'),
(1298, 27, '7931209686', 'Luciano', 'Abad Lillo', '1993-06-21'),
(1299, 14, '1852212895', 'Vicente', 'Ricart Castells', '1975-03-29'),
(1300, 8, '8612003275', 'Pilar', 'Sosa Reyes', '1981-10-06'),
(1301, 17, '1534505607', 'Almudena', 'Haro Delgado', '1996-07-09'),
(1302, 20, '6842267325', 'Cayetano', 'Leal Ortiz', '1985-12-29'),
(1303, 12, '1098623545', 'Elodia', 'Beltrán Pablo', '1994-07-11'),
(1304, 17, '4301219154', 'Osvaldo', 'Bermúdez Bustos', '1981-09-26'),
(1305, 14, '6235827508', 'Kike', 'Poza Paz', '1976-10-30'),
(1306, 29, '1710993322', 'Flor', 'Téllez Suárez', '1960-01-29'),
(1307, 1, '4512199988', 'Aitor', 'Hoyos Alberola', '1981-02-02'),
(1308, 6, '1338991451', 'Calista', 'Llorente Alfaro', '1976-10-25'),
(1309, 10, '2344758807', 'Gaspar', 'Bertrán Amador', '2006-03-27'),
(1310, 6, '9487609012', 'Roberto', 'Prada Cueto', '1962-08-11'),
(1311, 30, '9614487881', 'Ramiro', 'Pujol Lopez', '2002-08-27'),
(1312, 4, '3194352477', 'Georgina', 'Sales Alberola', '1970-03-17'),
(1313, 30, '5977486983', 'Fausto', 'Neira Botella', '1985-11-25'),
(1314, 14, '9803196517', 'Ulises', 'Gabaldón Frías', '1976-01-02'),
(1315, 5, '1793250554', 'Heraclio', 'Baquero Falcó', '2001-01-21'),
(1316, 20, '8527458417', 'Marcelo', 'Lago Almansa', '1994-02-18'),
(1317, 6, '3865482211', 'María Belén', 'Rosales Torrent', '1962-10-17'),
(1318, 14, '6693230451', 'Aristides', 'Diéguez Armengol', '2006-02-19'),
(1319, 29, '3073644925', 'Elena', 'Bru Luján', '1975-01-10'),
(1320, 2, '338704421', 'Heraclio', 'Codina Porta', '1985-08-28'),
(1321, 5, '430613334', 'Nico', 'Llorens Nevado', '1998-01-23'),
(1322, 23, '4497027031', 'Fermín', 'Pujol Hernando', '1972-08-01'),
(1323, 20, '2826688042', 'Dani', 'Quintana Antúnez', '1979-12-27'),
(1324, 11, '8565002273', 'Nazaret', 'Cuenca Collado', '1961-02-15'),
(1325, 2, '1346641685', 'Eliana', 'Sosa Aguilar', '1992-04-16'),
(1326, 14, '5465933526', 'Leonor', 'Lopez Marti', '1992-07-29'),
(1327, 30, '3318186851', 'Zaida', 'Ferrándiz Bernal', '1990-02-04'),
(1328, 3, '3224296509', 'Luis Miguel', 'Portero Beltrán', '2001-12-03'),
(1329, 12, '6752955351', 'Luisina', 'Hervás Lladó', '1988-07-23'),
(1330, 14, '1753094270', 'Salud', 'Ramón Escolano', '1976-10-13'),
(1331, 2, '9993172809', 'Martina', 'Peña Acedo', '1984-08-13'),
(1332, 12, '58452078', 'Maribel', 'Planas Beltrán', '1996-04-11'),
(1333, 2, '1293673657', 'Efraín', 'Pereira Torre', '1997-09-12'),
(1334, 19, '8191430181', 'Adolfo', 'Garzón Pont', '1995-01-27'),
(1335, 12, '1723504965', 'Natalio', 'Azorin Pozuelo', '1975-12-28'),
(1336, 5, '4473337107', 'Ruy', 'Gómez Roura', '1960-06-18'),
(1337, 2, '1593280734', 'Efraín', 'Bonilla Romeu', '1977-12-30'),
(1338, 27, '3596690169', 'Estrella', 'Carrillo Alba', '1974-08-14'),
(1339, 31, '2519606776', 'Dora', 'Carrasco Cózar', '1963-11-22'),
(1340, 8, '9608948208', 'Ambrosio', 'Clemente Patiño', '1969-02-05'),
(1341, 27, '8690030874', 'Juan Francisco', 'Nicolau Cruz', '2006-10-02'),
(1342, 12, '8344080961', 'Marita', 'Peláez Solsona', '2000-07-20'),
(1343, 18, '1574827487', 'Rosa', 'Caparrós Estévez', '1986-08-07'),
(1344, 20, '178928449', 'Estrella', 'Ros Aroca', '1968-12-12'),
(1345, 14, '6285549500', 'Yéssica', 'Ureña Marquez', '2004-11-30'),
(1346, 30, '5676575488', 'Obdulia', 'Llano Cerro', '1962-11-17'),
(1347, 31, '5665159648', 'Mariana', 'Lucena Machado', '1982-04-23'),
(1348, 4, '9556856529', 'Cipriano', 'Casanova Alegre', '2002-10-23'),
(1349, 17, '2409733535', 'Lina', 'Porras Oliveras', '2002-09-19'),
(1350, 10, '5202757478', 'Soraya', 'Luna Murillo', '1986-12-27'),
(1351, 6, '8505542391', 'Faustino', 'Diez Peláez', '1970-01-23'),
(1352, 7, '4824742813', 'Encarnita', 'Uría Badía', '1981-04-28'),
(1353, 23, '7298916163', 'Ricardo', 'Albero Guitart', '1987-09-08'),
(1354, 25, '4894286038', 'Camila', 'Rocha Anglada', '1990-05-11'),
(1355, 5, '4340000055', 'Vidal', 'Correa Robles', '1987-07-13'),
(1356, 13, '68871675', 'Haroldo', 'Osuna Barros', '1984-10-19'),
(1357, 27, '6459492862', 'Amando', 'Belda Perelló', '1973-06-10'),
(1358, 3, '2924422854', 'Borja', 'Sainz Grau', '2006-02-16'),
(1359, 4, '4085062361', 'Teo', 'Valdés Burgos', '1981-05-27'),
(1360, 27, '1817830936', 'Ovidio', 'Zurita Sacristán', '1998-10-29'),
(1361, 19, '4560561097', 'Efraín', 'Escobar Jaume', '1980-06-17'),
(1362, 29, '322351541', 'Jose Luis', 'Morera Meléndez', '1989-12-30'),
(1363, 17, '6730933699', 'Basilio', 'Perez Lamas', '1984-10-04'),
(1364, 30, '918238929', 'Irma', 'Montero Solsona', '1999-08-09'),
(1365, 6, '4528674657', 'Loreto', 'Seguí Casal', '1998-11-12'),
(1366, 19, '6003761377', 'Mar', 'Mas Quiroga', '1999-06-01'),
(1367, 25, '5217560973', 'Natalio', 'Pont Casal', '1997-07-30'),
(1368, 14, '1009538345', 'Socorro', 'Mora Uría', '1977-11-06'),
(1369, 20, '6698285682', 'Ruy', 'Aguilar Perelló', '2006-08-16'),
(1370, 4, '2013083040', 'María Pilar', 'Estevez Herrero', '1992-06-10'),
(1371, 22, '7935231117', 'Nicolasa', 'Borrego Lara', '1976-07-10'),
(1372, 29, '3674510667', 'Noelia', 'Cabrera Estevez', '1971-01-19'),
(1373, 2, '8699599840', 'Plácido', 'Rosell Torrijos', '1976-05-10'),
(1374, 25, '932067501', 'Remedios', 'Cobo Tello', '1974-05-15'),
(1375, 3, '572353457', 'Clarisa', 'Quirós Mancebo', '1977-07-11'),
(1376, 17, '171447059', 'Ruperta', 'Cañellas Montserrat', '1976-03-26'),
(1377, 17, '3277431863', 'Olalla', 'Prat Seguí', '1985-06-27'),
(1378, 29, '5097403182', 'Fito', 'Saavedra Sáenz', '1976-01-03'),
(1379, 20, '3045598335', 'Jacobo', 'Neira Chico', '1963-01-28'),
(1380, 5, '586953179', 'Itziar', 'Esparza Almeida', '1999-01-15'),
(1381, 2, '4698353763', 'Jennifer', 'Abad Bas', '1988-09-12'),
(1382, 20, '2649339160', 'Javier', 'Díez Villalonga', '1978-11-16'),
(1383, 6, '1259864579', 'Ibán', 'Martinez Uría', '2004-10-18'),
(1384, 29, '8893168359', 'Domitila', 'Zapata Company', '2001-04-11'),
(1385, 2, '7184053697', 'Natanael', 'Montesinos Blasco', '1982-03-26'),
(1386, 21, '7914512885', 'Jenny', 'Nogués Castañeda', '1986-05-14'),
(1387, 30, '8272024952', 'Moisés', 'Rubio Baños', '1973-08-16'),
(1388, 1, '949777164', 'Amor', 'Acevedo Pozuelo', '1979-03-31'),
(1389, 16, '4229174084', 'Ignacio', 'Cortes Espinosa', '1989-04-29'),
(1390, 20, '4845929927', 'Vinicio', 'Solsona Solera', '1974-10-02'),
(1391, 8, '4618946287', 'Soraya', 'Velasco Aragón', '1987-01-03'),
(1392, 30, '9873003484', 'Ale', 'Anaya Salazar', '1960-02-17'),
(1393, 6, '9480433235', 'Porfirio', 'Badía Gárate', '1985-08-25'),
(1394, 27, '3425539016', 'Nico', 'Millán Doménech', '2002-05-09'),
(1395, 21, '1306681495', 'Eva María', 'Maestre Blazquez', '1962-06-15'),
(1396, 17, '7045091480', 'Máxima', 'Martorell Baeza', '1968-11-23'),
(1397, 18, '8151018395', 'Julián', 'Alfaro Rovira', '1992-02-06'),
(1398, 3, '5012246059', 'Wilfredo', 'Rivera Cervera', '1985-02-27'),
(1399, 20, '8271877370', 'Paulina', 'Cuesta Alcalá', '1962-08-14'),
(1400, 2, '9642675161', 'Sandalio', 'Farré Verdugo', '2004-12-20'),
(1401, 20, '8513105769', 'Fabiana', 'Quintanilla Jáuregui', '1987-11-27'),
(1402, 21, '3130724105', 'Lorenzo', 'Samper Lastra', '1981-05-02'),
(1403, 10, '6850526978', 'Flavia', 'Gallardo Calvet', '1995-06-20'),
(1404, 4, '3974182654', 'Diana', 'Tormo Lobato', '2000-08-07'),
(1405, 30, '3391278116', 'José Ángel', 'Velasco Roma', '1962-03-27'),
(1406, 2, '1346827425', 'Roxana', 'Luján Galiano', '1969-08-15'),
(1407, 5, '7832070666', 'Matilde', 'Rubio Martin', '1974-08-17'),
(1408, 4, '547861672', 'Marcia', 'Girón Jimenez', '1985-10-27'),
(1409, 22, '435635421', 'Cosme', 'Crespo Benavente', '2004-11-04'),
(1410, 27, '4743058642', 'Encarnación', 'Maldonado Nicolás', '1975-05-30'),
(1411, 10, '1080089065', 'Adalberto', 'Beltran Esparza', '2006-07-07'),
(1412, 6, '6229549514', 'Manuela', 'Cárdenas Cervantes', '1973-01-13'),
(1413, 7, '6432605662', 'Francisco Jose', 'Cuéllar Nogueira', '1986-12-16'),
(1414, 6, '7366437720', 'Margarita', 'Varela Tur', '1964-04-07'),
(1415, 8, '2260679659', 'Violeta', 'Castells Fuentes', '1990-07-15'),
(1416, 14, '2074807966', 'Narciso', 'Manrique Bauzà', '1986-04-18'),
(1417, 2, '2242645296', 'Rodrigo', 'Benítez Folch', '1977-04-11'),
(1418, 25, '5884439699', 'Mariano', 'Solsona Linares', '1986-07-13'),
(1419, 31, '7213174875', 'Aránzazu', 'Romero Salcedo', '2002-04-29'),
(1420, 7, '9746739047', 'Matilde', 'Pombo Fernández', '2006-01-19'),
(1421, 17, '2326053950', 'Abraham', 'Sales Correa', '1973-08-06'),
(1422, 11, '512519298', 'Primitiva', 'Barranco Chico', '1988-04-14'),
(1423, 2, '4654344473', 'Salvador', 'Cazorla Aguilera', '1966-08-18'),
(1424, 30, '6093247190', 'Pelayo', 'Montalbán Sancho', '2006-06-20'),
(1425, 14, '6470657814', 'Leopoldo', 'Murillo Valera', '2005-03-08'),
(1426, 12, '8362395521', 'Mohamed', 'Mosquera Palmer', '1993-06-24'),
(1427, 19, '1512107966', 'Francisco Jose', 'Iñiguez Sosa', '1989-03-22'),
(1428, 27, '1179385865', 'Adrián', 'Badía Pomares', '1995-07-16'),
(1429, 11, '6212287202', 'Azahar', 'Ribera Cazorla', '1979-09-17'),
(1430, 7, '2934722594', 'Pepe', 'Bellido Ribera', '1985-12-06'),
(1431, 2, '5810662214', 'Moreno', 'Campillo Correa', '1971-10-24'),
(1432, 7, '8125107953', 'Rosalva', 'Mate Juan', '1964-07-27'),
(1433, 7, '1271766046', 'Ernesto', 'Franch Fortuny', '1995-11-30'),
(1434, 30, '1828799704', 'Ariel', 'Guijarro Monreal', '1991-11-16'),
(1435, 1, '3724866120', 'Luna', 'Bartolomé Santamaria', '1961-04-01'),
(1436, 23, '4116002381', 'Sebastian', 'Ferrera Arroyo', '2002-03-28'),
(1437, 28, '8317675740', 'Fabio', 'Garay Vila', '2003-08-26'),
(1438, 10, '1766143133', 'Fulgencio', 'Arrieta Méndez', '1963-03-13'),
(1439, 14, '959232992', 'Emelina', 'Lobo Bayón', '1974-05-12'),
(1440, 12, '9745773932', 'Cristina', 'Albero Rosselló', '2003-04-23'),
(1441, 2, '6903739080', 'Débora', 'Tormo Torrens', '1969-01-28'),
(1442, 5, '7905744764', 'Nicodemo', 'Coronado Leiva', '1967-05-08'),
(1443, 4, '5195814868', 'Roque', 'León Zurita', '1960-10-16'),
(1444, 20, '5578407073', 'Yaiza', 'Arnal Simó', '1973-10-27'),
(1445, 6, '7602409970', 'Maricruz', 'Téllez Martínez', '1994-07-25'),
(1446, 17, '8650754449', 'Modesto', 'Valentín Gisbert', '1998-11-21'),
(1447, 13, '9668893830', 'Alejo', 'Navarro Arrieta', '1969-06-12'),
(1448, 25, '1856269407', 'Florentino', 'Iglesia León', '1969-11-28'),
(1449, 7, '4681614306', 'Viviana', 'Chaves Márquez', '1995-04-28'),
(1450, 27, '9794100287', 'Prudencia', 'Alemany Solís', '1972-11-27'),
(1451, 28, '7921569079', 'Fabio', 'Armas Gordillo', '1966-06-15'),
(1452, 3, '6269949295', 'Lucho', 'Rueda Seguí', '1984-07-26'),
(1453, 27, '6913447664', 'Danilo', 'Mendizábal Batlle', '1994-11-02'),
(1454, 18, '8157663534', 'Malena', 'Lastra Yáñez', '1970-09-18'),
(1455, 5, '865292436', 'Angelita', 'Yuste Castelló', '2001-02-27'),
(1456, 10, '8047875135', 'Josefina', 'Vilar Lloret', '1967-02-10'),
(1457, 27, '6745467498', 'Federico', 'Hierro Gimeno', '1971-05-08'),
(1458, 18, '1844099618', 'Maite', 'Palomo Peñas', '2002-04-09'),
(1459, 12, '7545158053', 'Fito', 'Segovia Rivera', '1992-08-06'),
(1460, 11, '2217722417', 'Conrado', 'Salcedo Fernández', '1960-01-24'),
(1461, 6, '5944016043', 'Germán', 'García Bolaños', '1985-03-06'),
(1462, 2, '4682923514', 'Calixta', 'Valle Conde', '1979-12-18'),
(1463, 20, '3345519290', 'Soraya', 'Pizarro Pardo', '1983-01-09'),
(1464, 6, '6713576894', 'Severino', 'Alvarado Rivera', '1970-04-16'),
(1465, 29, '1011750692', 'Édgar', 'Cobos Gimeno', '2004-05-20'),
(1466, 13, '2034771635', 'Virgilio', 'Valverde Amores', '1970-03-16'),
(1467, 8, '3796336484', 'Javier', 'Soto Barbero', '1962-05-04'),
(1468, 17, '8497566239', 'Maximiano', 'Llamas Samper', '1963-09-06'),
(1469, 19, '6666601977', 'Nélida', 'Solano Salom', '1999-06-05'),
(1470, 17, '9977040529', 'Juan Antonio', 'Bejarano Salgado', '1988-07-11'),
(1471, 17, '6426987253', 'Mauricio', 'Francisco Zamorano', '1965-02-28'),
(1472, 10, '5197472816', 'Aroa', 'Batalla Osorio', '1999-08-01'),
(1473, 6, '4573289604', 'Ana', 'Barco Mate', '1985-01-17'),
(1474, 6, '1677642424', 'Sandalio', 'Gallo Vega', '1977-10-31'),
(1475, 22, '6198899993', 'Hernán', 'Zapata Alsina', '1970-06-25'),
(1476, 25, '4120955940', 'Isidora', 'Tejero Pujadas', '1965-04-16'),
(1477, 30, '648272397', 'Dorita', 'Pujol Camps', '1972-03-04'),
(1478, 17, '8709580819', 'Remedios', 'Múgica Borja', '1997-02-17'),
(1479, 29, '2348586092', 'Fabián', 'Zabala Pombo', '2004-07-06'),
(1480, 15, '9012093159', 'María Fernanda', 'Cañete Amor', '2004-01-19'),
(1481, 2, '7849138139', 'Adrián', 'Querol Pons', '2000-06-14'),
(1482, 14, '508617313', 'Wálter', 'Catalán Gimenez', '1992-08-18'),
(1483, 6, '3347221648', 'Dolores', 'Cobo Ponce', '1997-07-18'),
(1484, 27, '991999034', 'Leonardo', 'Vidal Rueda', '2004-11-25'),
(1485, 10, '9894694835', 'Valeria', 'Santos Arteaga', '1976-05-28'),
(1486, 2, '7360921620', 'Arsenio', 'Rivero Tudela', '1982-03-18'),
(1487, 17, '6932865042', 'Rosalva', 'Villena Gomis', '1972-11-22'),
(1488, 14, '5748037306', 'Jessica', 'Salmerón Alcalde', '1993-01-09'),
(1489, 29, '1899488748', 'Manola', 'Cadenas Donaire', '2004-09-07'),
(1490, 9, '936390579', 'Mohamed', 'Mur Nieto', '2002-11-29'),
(1491, 10, '8773364425', 'Rafaela', 'Monreal Sacristán', '2005-11-27'),
(1492, 27, '3887238730', 'Pepito', 'Castejón Bueno', '1995-08-10'),
(1493, 13, '9546181945', 'Leocadio', 'Losada Lago', '1962-12-09'),
(1494, 9, '5631473660', 'Araceli', 'Gallart Calvo', '1965-02-02'),
(1495, 12, '1337295283', 'Mario', 'Tomas Aznar', '2004-03-22'),
(1496, 6, '211396443', 'Salvador', 'Saldaña Carbonell', '1981-12-18'),
(1497, 13, '8910544383', 'Anselmo', 'Río Sanjuan', '2001-12-11'),
(1498, 17, '3790223364', 'Jesús', 'Mate Lasa', '1984-03-14'),
(1499, 7, '5548765012', 'Sergio', 'Suárez Marcos', '1961-07-30'),
(1500, 25, '4250625050', 'Oriana', 'Rocha Roma', '1980-03-08'),
(1501, 5, '3497836530', 'Blas', 'Rosales Gibert', '1969-01-23'),
(1502, 17, '6928452221', 'Alexandra', 'Gil Valenzuela', '1994-05-01'),
(1503, 17, '2842861081', 'Ruperta', 'Carrera Padilla', '1999-07-09'),
(1504, 9, '8353296008', 'Pío', 'Santamaría Cueto', '2000-10-27'),
(1505, 14, '2874879137', 'Gloria', 'Saavedra Guillen', '1967-01-02'),
(1506, 28, '6481294448', 'Celia', 'Galindo Arellano', '1969-03-13'),
(1507, 30, '4676052179', 'Celia', 'Pedrosa Mayo', '2003-08-15'),
(1508, 10, '3528940619', 'Javi', 'Díez Marín', '1966-01-19'),
(1509, 30, '1601371204', 'Carmelita', 'Oliver Izquierdo', '1996-06-22'),
(1510, 4, '9652676650', 'Toribio', 'Porcel Amador', '1991-08-24'),
(1511, 6, '3910061011', 'Marcelo', 'Manzanares Planas', '1991-12-11'),
(1512, 27, '7340180651', 'Roque', 'Egea Carvajal', '1983-05-26'),
(1513, 30, '6752985220', 'Candelas', 'Luque Blanca', '2002-07-27'),
(1514, 4, '6386857627', 'Manu', 'Cardona Rodriguez', '1964-03-23'),
(1515, 14, '1898175619', 'Nicodemo', 'Alberto Cuéllar', '1971-03-01'),
(1516, 12, '8920314523', 'Graciana', 'Burgos Quiroga', '1998-04-24'),
(1517, 23, '2370011918', 'Flavia', 'Madrid Cabeza', '1975-05-29'),
(1518, 27, '9764425233', 'Alexandra', 'Pomares Barragán', '2000-02-06'),
(1519, 25, '2415715960', 'Joaquina', 'Torrens Sandoval', '1979-06-25'),
(1520, 10, '8700875529', 'Eduardo', 'Casares Quirós', '1979-07-15'),
(1521, 20, '4281741827', 'Heriberto', 'Andrade Cordero', '1988-10-19'),
(1522, 6, '7019758555', 'Maribel', 'Andreu Planas', '1972-08-19'),
(1523, 22, '9090620654', 'Tatiana', 'Fabregat Ricart', '1985-07-23'),
(1524, 18, '6238095915', 'Duilio', 'Pina Ribes', '1988-01-22'),
(1525, 27, '334833601', 'Emilio', 'Millán Prado', '1976-04-05'),
(1526, 29, '1193506322', 'Obdulia', 'Antón Cañizares', '1968-08-09'),
(1527, 30, '9163911922', 'Jovita', 'Gimeno Leiva', '2001-08-29'),
(1528, 2, '170157299', 'Trinidad', 'Gallardo Río', '1988-09-15'),
(1529, 25, '2378238228', 'Tatiana', 'Robledo Torrents', '1984-04-06'),
(1530, 7, '69343977', 'Ainoa', 'Santamaria Bello', '1982-03-05'),
(1531, 29, '9232976804', 'Marco', 'Llorente Quintanilla', '1968-01-31'),
(1532, 30, '5473282196', 'Amando', 'Córdoba Galván', '1976-08-03'),
(1533, 11, '1505222219', 'Zacarías', 'Mateu Prats', '1984-06-05');
INSERT INTO `votantes` (`id_votante`, `id_distrito`, `dni`, `nombre`, `apellidos`, `fecha_nacimiento`) VALUES
(1534, 17, '1319284655', 'Ruperta', 'Peñas Badía', '1967-05-21'),
(1535, 18, '6655418921', 'Jose Manuel', 'Tovar Castellanos', '1985-09-23'),
(1536, 19, '937098678', 'Clementina', 'Palacios Pizarro', '2001-07-25'),
(1537, 13, '7016712477', 'Pelayo', 'Cruz España', '1992-12-18'),
(1538, 11, '7238347470', 'Remigio', 'Jódar Bru', '1980-03-20'),
(1539, 18, '2610721442', 'Amancio', 'Gascón Morales', '1960-01-24'),
(1540, 21, '4178155941', 'Manuelita', 'Nadal Nuñez', '1964-03-21'),
(1541, 10, '4203784005', 'Paz', 'Linares Maldonado', '2006-05-25'),
(1542, 12, '6654306648', 'Alicia', 'Chico Escribano', '1996-03-12'),
(1543, 28, '9572167057', 'Aarón', 'Mas Somoza', '1976-04-23'),
(1544, 2, '4109004125', 'Blas', 'Iriarte Paniagua', '1978-09-04'),
(1545, 21, '4654421888', 'Jacinta', 'Toledo Manzano', '1999-05-20'),
(1546, 23, '3562497650', 'Eustaquio', 'Pallarès Buendía', '1967-09-07'),
(1547, 25, '9709694253', 'Merche', 'Seco Zorrilla', '1995-01-30'),
(1548, 5, '7833588689', 'Ignacio', 'Bartolomé Cañete', '2006-09-23'),
(1549, 7, '4329658747', 'Alberto', 'Montserrat Machado', '1976-06-28'),
(1550, 27, '6188241523', 'Florina', 'Rozas Rodríguez', '1966-05-06'),
(1551, 14, '2206894988', 'Baldomero', 'Álvaro Pereira', '1994-01-22'),
(1552, 25, '221612995', 'Cornelio', 'Tenorio Hervia', '1965-09-24'),
(1553, 22, '1340115057', 'Dafne', 'Blasco Morata', '1966-03-01'),
(1554, 5, '4030048285', 'Josué', 'Granados Rosselló', '1992-08-26'),
(1555, 11, '6592176395', 'Francisco', 'Calleja Alcolea', '1992-12-16'),
(1556, 14, '8923293818', 'Yago', 'Cabanillas Arrieta', '2001-10-03'),
(1557, 21, '7178556785', 'Evangelina', 'Zamorano Montero', '1988-09-11'),
(1558, 5, '1293611091', 'Natalio', 'Santos Baena', '1987-07-24'),
(1559, 8, '9876694', 'Rosario', 'Roman Figuerola', '1976-07-11'),
(1560, 18, '3098758876', 'Ramón', 'Lago Escobar', '1973-03-30'),
(1561, 28, '4347526439', 'Anastasio', 'Baena Esteban', '1973-03-07'),
(1562, 12, '232915378', 'Ani', 'Rosales Naranjo', '2003-12-05'),
(1563, 11, '2986611145', 'Imelda', 'Morera Cervera', '1971-05-05'),
(1564, 20, '9828202133', 'Claudio', 'Báez Mancebo', '1970-05-02'),
(1565, 27, '4412256411', 'Sebastian', 'Tenorio Arco', '1966-11-29'),
(1566, 20, '1353074024', 'José María', 'Montenegro Cifuentes', '1961-03-12'),
(1567, 2, '7988279593', 'Teobaldo', 'Iborra Fuster', '1995-03-27'),
(1568, 23, '604085098', 'Elpidio', 'Cerezo Lobo', '1962-06-09'),
(1569, 1, '1372311271', 'Ruperta', 'Castrillo Espinosa', '2005-02-19'),
(1570, 18, '756347070', 'Ramón', 'Pina Chaves', '2004-06-20'),
(1571, 24, '118246046', 'Gracia', 'Arteaga Benet', '1967-08-24'),
(1572, 19, '3256292504', 'José María', 'Melero Gallart', '1975-02-11'),
(1573, 6, '2473368930', 'Guadalupe', 'Goñi Dávila', '1984-08-21'),
(1574, 30, '9369623483', 'Reyes', 'Caro Garmendia', '1970-09-02'),
(1575, 2, '9634715330', 'Elba', 'Izquierdo Narváez', '1987-11-30'),
(1576, 27, '7212430841', 'Nazario', 'Cases Gascón', '1980-08-07'),
(1577, 30, '9387383179', 'Salomón', 'Martín Martí', '2001-05-14'),
(1578, 7, '6196428511', 'Nadia', 'Adadia Duran', '1977-11-03'),
(1579, 20, '6142011256', 'Guadalupe', 'Leal Dávila', '1963-08-09'),
(1580, 3, '1531625035', 'Ulises', 'Santiago Sáenz', '2002-06-08'),
(1581, 17, '3525930958', 'Leonel', 'Palomo Elías', '2002-03-18'),
(1582, 8, '5291628812', 'Sandalio', 'Briones Nadal', '2006-09-27'),
(1583, 29, '8417345785', 'Raimundo', 'Márquez Batalla', '1978-02-06'),
(1584, 15, '8148521283', 'Fausto', 'Pelayo Hoz', '2003-06-02'),
(1585, 5, '2194285976', 'Estefanía', 'Riera Rico', '1980-04-27'),
(1586, 8, '4746911190', 'Ainara', 'Peiró Gilabert', '1976-11-08'),
(1587, 10, '1592874896', 'Luis', 'Sala Lillo', '1986-09-11'),
(1588, 4, '9954792471', 'Joan', 'Neira Galindo', '1998-01-31'),
(1589, 7, '8271820759', 'Edu', 'Nicolau Iborra', '1970-05-20'),
(1590, 28, '1243977646', 'Saturnina', 'Pont Uribe', '2000-03-16'),
(1591, 14, '4942367242', 'Cristian', 'Nevado Taboada', '1965-06-18'),
(1592, 23, '9262759377', 'Zacarías', 'Ripoll Ferrándiz', '2002-06-12'),
(1593, 19, '5259640788', 'Kike', 'Garcia Macías', '1987-11-08'),
(1594, 28, '6650880401', 'Angelita', 'Romeu Hoz', '2005-05-28'),
(1595, 3, '2481422329', 'Seve', 'Cadenas Pozuelo', '1996-07-14'),
(1596, 15, '4926821345', 'Clarisa', 'Sosa Guzmán', '2001-10-22'),
(1597, 14, '2822966125', 'Severo', 'Báez Pablo', '1975-03-07'),
(1598, 14, '2147883369', 'Cosme', 'Prada Villalba', '2004-07-09'),
(1599, 30, '9434901563', 'Íñigo', 'Borrego Andres', '1976-07-22'),
(1600, 9, '4394273061', 'Noelia', 'Galindo Sáez', '1968-10-18'),
(1601, 14, '1630110128', 'Adriana', 'Delgado Acosta', '1966-05-22'),
(1602, 28, '9766195906', 'Encarna', 'Roda Toledo', '1997-08-03'),
(1603, 27, '8671964124', 'Teresita', 'Chaves Pomares', '1978-08-13'),
(1604, 5, '2464627621', 'Desiderio', 'Catalá Carvajal', '1979-04-28'),
(1605, 14, '9433720913', 'María Jesús', 'Martorell Salamanca', '1986-11-26'),
(1606, 14, '5084998783', 'Felisa', 'Lobo Cobos', '1999-03-29'),
(1607, 22, '2718004140', 'Román', 'Martin Ocaña', '1987-06-27'),
(1608, 6, '3504455827', 'Elba', 'Camps Seguí', '1969-05-02'),
(1609, 24, '1290960691', 'Ildefonso', 'Prats Jáuregui', '1994-04-21'),
(1610, 2, '2868048462', 'Gerardo', 'Riba Piñol', '1979-10-10'),
(1611, 4, '6730887902', 'Chus', 'Redondo Sanmiguel', '2005-08-22'),
(1612, 27, '4404810295', 'Isabel', 'Gomez Gil', '1982-04-05'),
(1613, 2, '9537720646', 'Dan', 'Aparicio Calvo', '1986-05-30'),
(1614, 26, '461434876', 'Pancho', 'Amorós Carballo', '1987-03-17'),
(1615, 12, '9650355638', 'Eligia', 'Lladó Aragón', '1965-06-05'),
(1616, 14, '836176114', 'Jesús', 'Lladó Llabrés', '1974-07-22'),
(1617, 30, '7154915382', 'Perla', 'Toledo Fuertes', '2006-07-21'),
(1618, 27, '9765174940', 'Narcisa', 'Cabrera Lucena', '1962-12-31'),
(1619, 25, '7264315865', 'Chus', 'Barrios Belda', '1989-06-10'),
(1620, 21, '929903933', 'Candelario', 'Iglesias Bou', '1966-12-15'),
(1621, 5, '1719948432', 'Lorenzo', 'Blanco Amaya', '1963-02-18'),
(1622, 6, '7938906803', 'Gabriela', 'Cuéllar Arias', '1970-02-20'),
(1623, 5, '4806368768', 'Yolanda', 'Aparicio Belmonte', '2002-02-22'),
(1624, 6, '2586522663', 'Jose Manuel', 'Manzanares Cobos', '1968-03-13'),
(1625, 4, '3305872050', 'Juan', 'Valls Mur', '1980-06-21'),
(1626, 14, '6672305678', 'Susanita', 'Costa Barreda', '1974-02-25'),
(1627, 13, '1371174693', 'Carlito', 'Roig Barriga', '1992-06-05'),
(1628, 2, '2883210756', 'Amalia', 'Cabo Fuertes', '1996-11-18'),
(1629, 14, '1641354324', 'Cebrián', 'Morante Terrón', '1966-08-16'),
(1630, 30, '3795718896', 'Morena', 'Valbuena Carmona', '1973-09-23'),
(1631, 9, '3766278578', 'Micaela', 'Cabañas Mendoza', '1960-12-31'),
(1632, 29, '4279328353', 'Marcio', 'Simó Acosta', '1970-11-21'),
(1633, 20, '4674062173', 'Cirino', 'Carreras Cazorla', '1996-03-17'),
(1634, 25, '7009390577', 'Maximiliano', 'Cerezo Tormo', '1965-01-02'),
(1635, 29, '2609501814', 'Tristán', 'Tamayo Viana', '1984-12-21'),
(1636, 13, '6403192791', 'Macario', 'Romero Expósito', '2001-01-29'),
(1637, 22, '308153577', 'Casandra', 'Bernal Arcos', '2003-04-03'),
(1638, 7, '6439517615', 'Encarnacion', 'Cantero Pinilla', '1968-03-16'),
(1639, 11, '8584591001', 'Fortunato', 'Ibañez Cordero', '1967-12-29'),
(1640, 2, '5791123870', 'Saturnina', 'Asensio Benitez', '1976-01-21'),
(1641, 30, '1441027824', 'Natanael', 'Aznar Reig', '2000-07-04'),
(1642, 30, '7144503908', 'Gisela', 'Esteve Pont', '1964-06-01'),
(1643, 29, '5774128207', 'Florencio', 'Moraleda Echevarría', '2004-07-14'),
(1644, 21, '322344974', 'Emilio', 'Parra Luna', '1993-01-02'),
(1645, 18, '7334029067', 'Dalila', 'Llorente Viñas', '1995-09-02'),
(1646, 7, '5836379694', 'Rosario', 'Lumbreras Velázquez', '1998-09-12'),
(1647, 22, '2567893482', 'Bautista', 'Anglada Peiró', '1967-02-08'),
(1648, 14, '7432307583', 'Toribio', 'Sanmiguel Oliveras', '2005-01-15'),
(1649, 6, '8233514739', 'Horacio', 'Pavón Pascual', '1994-04-02'),
(1650, 27, '4254263850', 'Vidal', 'Boix Sarmiento', '1970-07-07'),
(1651, 17, '5968785964', 'Eliseo', 'Pardo Quirós', '1984-11-12'),
(1652, 5, '4406165428', 'Roberto', 'Aguiló Tamayo', '1961-06-06'),
(1653, 24, '2849010026', 'Celestino', 'Mariscal Llobet', '1967-06-19'),
(1654, 15, '3602756961', 'Adelardo', 'Pineda Verdú', '2004-01-05'),
(1655, 2, '5068201504', 'Apolinar', 'Vigil Salgado', '1966-11-17'),
(1656, 2, '3766466385', 'Abraham', 'Requena Rebollo', '1996-09-28'),
(1657, 14, '2574854627', 'Hortensia', 'Llabrés Cabrera', '1992-12-16'),
(1658, 13, '9172227364', 'Epifanio', 'Aguilera Suarez', '1987-08-21'),
(1659, 14, '723704269', 'Angélica', 'Cantero Carro', '1983-10-17'),
(1660, 28, '2832964353', 'Enrique', 'Grande Clavero', '1997-06-22'),
(1661, 16, '636012605', 'Gabino', 'Cortina Luz', '1960-10-16'),
(1662, 25, '6597284680', 'Adriana', 'Morillo Cortés', '1995-09-10'),
(1663, 13, '5122198471', 'Eloísa', 'Martinez Antón', '1959-12-26'),
(1664, 11, '1172180491', 'Antonio', 'Leal Santamaria', '2001-02-01'),
(1665, 6, '3446856319', 'Javier', 'Peralta Cal', '1967-10-02'),
(1666, 17, '4020143092', 'Ovidio', 'Andreu Miralles', '1973-02-10'),
(1667, 7, '625428429', 'María Dolores', 'Castro Aguilera', '1989-08-11'),
(1668, 20, '1242397912', 'Feliciana', 'Palomares Tovar', '1997-10-07'),
(1669, 11, '4211405428', 'Elena', 'Sobrino Zamora', '1976-03-30'),
(1670, 7, '125458787', 'Ángeles', 'Alemany Beltran', '1961-07-05'),
(1671, 21, '8138769588', 'Cristian', 'Maestre Mur', '1976-05-27'),
(1672, 5, '1293997583', 'Emperatriz', 'Méndez Cases', '1994-08-21'),
(1673, 29, '7111548844', 'Lucio', 'Soria Redondo', '1990-10-19'),
(1674, 29, '9826185271', 'Sol', 'Castells Arce', '1971-10-28'),
(1675, 27, '8955017329', 'Arcelia', 'Godoy Alsina', '1986-02-17'),
(1676, 4, '5773951619', 'Ximena', 'Amaya Gordillo', '1991-07-08'),
(1677, 27, '3320477479', 'Guadalupe', 'Coello Cabanillas', '1974-12-30'),
(1678, 5, '6204650545', 'Yéssica', 'Heras Quevedo', '2000-06-21'),
(1679, 27, '2472651123', 'Melchor', 'Mármol Moraleda', '1983-05-04'),
(1680, 1, '8224718806', 'Milagros', 'Perales Maza', '1961-04-25'),
(1681, 22, '1195106251', 'Coral', 'Abascal Rius', '2000-11-29'),
(1682, 13, '8438531871', 'Claudia', 'Avilés Martí', '1984-05-06'),
(1683, 21, '3839112850', 'Aurora', 'Romeu Alcolea', '1985-07-26'),
(1684, 29, '8876312665', 'Atilio', 'Pont Mármol', '1988-07-02'),
(1685, 28, '1974386802', 'Joaquín', 'Santamaria Llano', '1985-02-27'),
(1686, 24, '185676987', 'Sabas', 'Monreal Cobo', '1990-02-13'),
(1687, 6, '1779724914', 'Ángeles', 'Gisbert Ripoll', '2005-01-26'),
(1688, 13, '2405777714', 'Marcelino', 'Barragán Chaves', '1984-03-28'),
(1689, 4, '9534621197', 'Alex', 'Vigil Lozano', '1973-02-16'),
(1690, 1, '2636167678', 'Felicidad', 'Puga Marqués', '1978-03-23'),
(1691, 30, '5589015100', 'María Ángeles', 'Valenzuela Escribano', '1981-11-18'),
(1692, 8, '3485761415', 'Bernardita', 'Luján Espinosa', '1976-04-02'),
(1693, 5, '3195226480', 'Valentina', 'Iglesia Dávila', '1974-05-12'),
(1694, 30, '9884787915', 'Adalberto', 'Antón Llanos', '1965-05-04'),
(1695, 11, '4836214931', 'Dan', 'Muro Nogués', '1976-09-04'),
(1696, 18, '4758876878', 'Bienvenida', 'Neira Miró', '1991-02-05'),
(1697, 21, '3986444967', 'Rodrigo', 'Dávila Valenzuela', '1998-03-19'),
(1698, 25, '7769564683', 'Albino', 'Cámara Lobato', '1971-02-03'),
(1699, 20, '5879477858', 'Benjamín', 'Haro Garcés', '1974-12-23'),
(1700, 31, '2822476306', 'Estela', 'Neira Manuel', '1984-04-24'),
(1701, 29, '4649589392', 'Felicidad', 'Chaparro Zapata', '1986-03-22'),
(1702, 11, '972208035', 'Lino', 'Almagro Chaves', '2001-01-26'),
(1703, 4, '6163636069', 'Gerónimo', 'Botella Salas', '1970-08-23'),
(1704, 19, '4721065724', 'Manolo', 'Crespo Chamorro', '1968-10-23'),
(1705, 14, '4408538274', 'Chucho', 'Ramón Simó', '1996-09-30'),
(1706, 30, '4807028205', 'Isaura', 'Hernando Echeverría', '1987-07-14'),
(1707, 8, '5196549896', 'Rosa María', 'Adadia Prieto', '1974-12-15'),
(1708, 23, '4235707397', 'Oriana', 'Pacheco Aparicio', '1974-07-23'),
(1709, 18, '9580474861', 'Faustino', 'Vall Arrieta', '1980-06-13'),
(1710, 2, '1538851607', 'Gil', 'Corbacho Arrieta', '1988-05-04'),
(1711, 6, '8998899945', 'Delfina', 'Atienza Camino', '1999-02-14'),
(1712, 12, '9617975935', 'Jose Francisco', 'Galán Pereira', '2002-01-07'),
(1713, 22, '5264311022', 'Elisabet', 'Torrens Blazquez', '2000-12-23'),
(1714, 28, '265403963', 'Bautista', 'Almeida Espejo', '1999-06-26'),
(1715, 21, '7078239546', 'Tito', 'Cabezas Peñas', '1969-11-05'),
(1716, 13, '5757455353', 'Ligia', 'Lucas Ugarte', '1964-04-01'),
(1717, 25, '5877517651', 'Eli', 'Mendoza Acedo', '1990-06-26'),
(1718, 30, '3859106140', 'Javi', 'Abad Macias', '1983-04-25'),
(1719, 6, '4197969872', 'Elías', 'Guillén Blanch', '1986-02-05'),
(1720, 5, '6308117627', 'Yésica', 'Benet López', '1982-06-15'),
(1721, 24, '5913501952', 'Valero', 'Maestre Hierro', '1990-02-08'),
(1722, 20, '3178662525', 'Encarnacion', 'Marqués Osorio', '1973-03-21'),
(1723, 21, '8934732205', 'Vito', 'Valenzuela Roman', '1988-07-11'),
(1724, 25, '7350829699', 'Noé', 'Barragán Ocaña', '1971-12-05'),
(1725, 13, '7124635349', 'Flora', 'Ripoll Bautista', '1968-05-27'),
(1726, 9, '2471747857', 'Casandra', 'Bolaños Montesinos', '1992-05-04'),
(1727, 30, '2351236804', 'Santos', 'Benavent Barreda', '1970-07-03'),
(1728, 20, '567130806', 'Bruno', 'Carbonell Portillo', '1992-06-15'),
(1729, 4, '1897512416', 'Rolando', 'Tejedor Roma', '1973-10-23'),
(1730, 25, '1440100985', 'Elpidio', 'Corbacho Fiol', '2006-06-09'),
(1731, 7, '2088618501', 'Calista', 'Pagès Cortés', '1964-10-07'),
(1732, 14, '3732346759', 'Reyes', 'Villanueva Luís', '2003-12-07'),
(1733, 21, '6496691038', 'Severino', 'Giménez Valenciano', '1965-08-06'),
(1734, 27, '4651992539', 'Raquel', 'Cornejo Mesa', '1972-12-31'),
(1735, 10, '92657277', 'Ambrosio', 'Hierro Santana', '1982-10-21'),
(1736, 13, '9645028276', 'Marina', 'Comas Hervia', '1964-11-15'),
(1737, 30, '889827362', 'Juan Antonio', 'Ruiz Ocaña', '2000-09-08'),
(1738, 24, '5927479280', 'Emperatriz', 'Gallardo Castañeda', '1992-06-22'),
(1739, 21, '1107477528', 'Amor', 'Franch Valdés', '1987-12-25'),
(1740, 4, '8527364106', 'Teresita', 'Gallo Zabaleta', '1969-05-21'),
(1741, 7, '177142167', 'Clímaco', 'Llobet Anglada', '1986-04-15'),
(1742, 4, '7747384224', 'Fernando', 'Roman Pozo', '1979-10-28'),
(1743, 28, '5085194514', 'Victor', 'Giménez Peinado', '1964-03-23'),
(1744, 20, '3459519466', 'Amarilis', 'España Losa', '1981-05-24'),
(1745, 5, '8345409744', 'Isidro', 'Ibarra Torrijos', '1984-10-05'),
(1746, 11, '7183939355', 'Mauricio', 'Polo Soria', '1987-11-05'),
(1747, 1, '9707389349', 'Valero', 'Vidal Marin', '1999-12-15'),
(1748, 29, '1829056890', 'Fidel', 'Lopez Maestre', '1984-11-28'),
(1749, 27, '3566802725', 'Alfredo', 'Melero Ramírez', '2002-06-17'),
(1750, 4, '4888058454', 'Adelardo', 'Reyes Castilla', '1998-07-06'),
(1751, 14, '6093728142', 'Rodolfo', 'Múgica Canals', '1969-08-17'),
(1752, 17, '2113940020', 'Edelmira', 'Guardia Montenegro', '1961-05-18'),
(1753, 27, '6931600285', 'Daniela', 'Garriga Jiménez', '2006-07-01'),
(1754, 4, '8063095518', 'Roxana', 'Chacón Beltran', '1968-10-22'),
(1755, 32, '2471874048', 'Marcial', 'Ruiz Pera', '1960-03-11'),
(1756, 1, '799063485', 'Mirta', 'Ferrández Marco', '1993-06-22'),
(1757, 10, '3002316191', 'Luciano', 'Ochoa Ureña', '1998-06-30'),
(1758, 30, '3767633895', 'Raúl', 'Carnero Vizcaíno', '1979-09-20'),
(1759, 4, '4518046005', 'Amado', 'Frutos Grau', '2004-02-10'),
(1760, 11, '575329655', 'Luís', 'Santamaría Cobo', '1976-06-07'),
(1761, 2, '5124187480', 'Filomena', 'Costa Barba', '1998-07-04'),
(1762, 2, '5453432455', 'Bernardo', 'Prat Torrents', '1987-02-17'),
(1763, 2, '1912407355', 'Ruperto', 'Figueras Ramírez', '2002-10-11'),
(1764, 5, '9533580575', 'Enrique', 'Viña Roldan', '1973-07-15'),
(1765, 22, '18658620', 'Bonifacio', 'Chacón Cordero', '1961-09-26'),
(1766, 10, '3612117088', 'Tatiana', 'Villaverde Manzano', '1994-02-24'),
(1767, 10, '8238201923', 'Edmundo', 'Pons Isern', '1996-11-08'),
(1768, 11, '874198709', 'Marina', 'Garcia Rocha', '1990-08-11'),
(1769, 14, '1636492787', 'Montserrat', 'Vergara Delgado', '1996-08-29'),
(1770, 19, '6894504944', 'Andrea', 'Boada Gabaldón', '1985-11-01'),
(1771, 2, '7203426392', 'Elvira', 'Macias Royo', '2000-09-07'),
(1772, 4, '571577634', 'Chita', 'Pellicer Rius', '1978-12-11'),
(1773, 4, '3581759746', 'Danilo', 'Expósito Coello', '1977-09-10'),
(1774, 5, '6964854842', 'María Carmen', 'Bueno Garrido', '1985-05-11'),
(1775, 21, '3927406', 'Cándido', 'Mármol Manzanares', '1986-07-15'),
(1776, 30, '4766230178', 'Onofre', 'Barreda Atienza', '1974-08-24'),
(1777, 20, '3158080357', 'Lucho', 'Jara Bayo', '1964-01-24'),
(1778, 32, '1210517343', 'Lalo', 'Herranz Bartolomé', '1983-08-13'),
(1779, 14, '6037293284', 'Tere', 'Verdú Nieto', '1965-01-21'),
(1780, 27, '2951087403', 'Perla', 'Murillo Feijoo', '1995-06-13'),
(1781, 14, '4737468423', 'Aránzazu', 'Gaya Tejada', '1981-01-04'),
(1782, 21, '6262412262', 'Pastor', 'Vega Ayllón', '1973-04-22'),
(1783, 14, '8770592892', 'Feliciana', 'Albero Calderón', '1987-05-05'),
(1784, 8, '5659741062', 'Lope', 'Salvà Canet', '1993-01-14'),
(1785, 10, '1126415466', 'Ciriaco', 'Arcos Cortes', '1991-05-17'),
(1786, 7, '2822042450', 'Sandalio', 'Águila Fuente', '1992-10-24'),
(1787, 17, '3013893393', 'Tristán', 'Bueno Campillo', '1984-10-15'),
(1788, 22, '5966835823', 'Nerea', 'Villar Rocamora', '1967-07-29'),
(1789, 19, '8955811913', 'Concepción', 'Soriano Pol', '1989-09-26'),
(1790, 14, '2239036316', 'Gracia', 'Flor Cuesta', '1988-01-21'),
(1791, 2, '4577030207', 'Ruth', 'Arnaiz Montesinos', '1961-10-22'),
(1792, 21, '5185654886', 'Goyo', 'Jaume Palacios', '2003-09-11'),
(1793, 29, '2315496427', 'Dionisia', 'Oliveras Roca', '1982-02-27'),
(1794, 29, '9233969972', 'Rafael', 'Huerta Pastor', '1976-03-09'),
(1795, 14, '4240803006', 'Cristina', 'Verdú Cárdenas', '1979-02-08'),
(1796, 27, '4978822140', 'Salomón', 'Cifuentes Busquets', '1991-10-02'),
(1797, 20, '7303158454', 'Nico', 'Aroca Batlle', '2006-04-05'),
(1798, 6, '7792719652', 'Úrsula', 'Roig Roman', '1997-03-10'),
(1799, 22, '3732356431', 'Adalberto', 'Francisco Agudo', '1970-03-19'),
(1800, 24, '1464465278', 'Fausto', 'Sevilla Escamilla', '1992-06-28'),
(1801, 25, '7533156974', 'Tito', 'Girona Jara', '1981-06-11'),
(1802, 30, '8889003328', 'Raimundo', 'Barriga Cózar', '1981-09-01'),
(1803, 5, '6519154635', 'Marcelo', 'Roldan Campillo', '1976-02-17'),
(1804, 5, '6633012221', 'Olimpia', 'Farré Aguilera', '1996-04-24'),
(1805, 6, '8262905889', 'Edgardo', 'Aguiló Saura', '1975-02-14'),
(1806, 17, '6335574202', 'Xavier', 'Carmona Carrillo', '1994-01-02'),
(1807, 2, '1256232489', 'Melchor', 'Castellanos Terrón', '2004-04-18'),
(1808, 19, '1674762035', 'Abel', 'Barriga Aguirre', '1990-01-05'),
(1809, 5, '3897253412', 'Esteban', 'Beltran Asensio', '1969-07-12'),
(1810, 12, '1196827278', 'Guillermo', 'Marquez Manrique', '1993-02-28'),
(1811, 30, '4517571428', 'Mamen', 'Tomás Salvador', '1991-11-09'),
(1812, 18, '9106660086', 'Cruz', 'Taboada Campoy', '1985-06-30'),
(1813, 9, '6914527549', 'Pancho', 'Pujadas Quevedo', '1990-11-16'),
(1814, 18, '6041814852', 'Apolinar', 'Pina Zamora', '1975-11-09'),
(1815, 2, '5131503960', 'Melania', 'Larrañaga Alcázar', '1961-01-31'),
(1816, 32, '1574730427', 'Felix', 'Lucena Chacón', '2005-10-16'),
(1817, 23, '7355760638', 'Gustavo', 'Segarra Fonseca', '1972-04-20'),
(1818, 11, '8968937503', 'Carlos', 'Jordán Hervás', '2002-05-05'),
(1819, 1, '3021167716', 'Álvaro', 'Almazán Paredes', '1979-04-04'),
(1820, 19, '5339703745', 'Aureliano', 'Carbonell Nadal', '1993-06-07'),
(1821, 6, '2520045631', 'Celestino', 'Mulet Arcos', '1966-06-10'),
(1822, 3, '188361043', 'Régulo', 'Cordero Rius', '1960-07-02'),
(1823, 4, '8721918963', 'Anacleto', 'Cañizares Quero', '1983-08-15'),
(1824, 16, '3082789249', 'Haydée', 'Jurado Solís', '1982-10-11'),
(1825, 4, '6862813824', 'Rosario', 'Frutos Giménez', '1981-07-30'),
(1826, 9, '9831276261', 'Angelita', 'Gabaldón Palma', '1993-05-17'),
(1827, 22, '3841551461', 'Eli', 'Estévez Campos', '1979-03-15'),
(1828, 19, '6745052966', 'Agustina', 'Bou Iniesta', '1986-01-20'),
(1829, 30, '7016131033', 'Reyna', 'Luque Heredia', '1970-06-30'),
(1830, 29, '891929137', 'Ana Belén', 'Chamorro Ramón', '1988-09-12'),
(1831, 14, '1567092504', 'Melania', 'Villegas Cifuentes', '1981-01-06'),
(1832, 1, '5725503227', 'Rosa', 'Delgado Valentín', '2005-06-23'),
(1833, 27, '4847023874', 'Abilio', 'Ariza Aramburu', '2006-10-18'),
(1834, 2, '606665184', 'Carina', 'Posada Ayala', '1965-10-09'),
(1835, 28, '9896438773', 'Margarita', 'Pi Alemany', '1981-08-24'),
(1836, 8, '8959372506', 'Amado', 'Neira Losada', '1974-01-30'),
(1837, 28, '3538630049', 'Ana Sofía', 'Carbó Pérez', '2004-03-30'),
(1838, 2, '9461461682', 'Baudelio', 'Figuerola Guitart', '1981-09-09'),
(1839, 20, '8154426785', 'Ramona', 'Gaya Pizarro', '2000-08-10'),
(1840, 22, '55248201', 'Victoria', 'Barragán Barberá', '1962-06-18'),
(1841, 27, '2531165558', 'Begoña', 'Guitart Batalla', '1997-07-12'),
(1842, 7, '9079380706', 'Abraham', 'Menendez Arribas', '1971-09-14'),
(1843, 21, '5285562711', 'Jovita', 'Lopez Barón', '1982-09-13'),
(1844, 5, '3246987462', 'Etelvina', 'Ayuso Grau', '1963-04-04'),
(1845, 11, '8261208252', 'Lara', 'Giménez Salcedo', '1988-04-13'),
(1846, 7, '1824062052', 'Jose Carlos', 'Rios Prada', '1971-06-29'),
(1847, 28, '2760363497', 'Ariel', 'Blanca Checa', '1969-03-23'),
(1848, 13, '4581784456', 'Reyna', 'Mateo Segarra', '1977-05-06'),
(1849, 20, '7598241890', 'Rebeca', 'Acevedo Olivera', '1974-11-20'),
(1850, 2, '4285799177', 'Angelino', 'Oller Garay', '2005-10-13'),
(1851, 22, '1050149115', 'Rosalva', 'Roselló Valencia', '1973-09-11'),
(1852, 2, '6891963447', 'Esperanza', 'Vara Manrique', '1969-05-22'),
(1853, 4, '8996515483', 'Daniela', 'Casanovas Mendez', '1969-06-01'),
(1854, 2, '7160852857', 'Eloísa', 'Guerrero Sánchez', '1987-09-03'),
(1855, 10, '3128768918', 'Santiago', 'Torralba Roldán', '1992-06-27'),
(1856, 7, '9012102447', 'Ana Sofía', 'Tejero Puig', '1968-06-02'),
(1857, 26, '4115397307', 'Sebastian', 'Guzman Rosell', '1996-12-18'),
(1858, 27, '1535601321', 'Chucho', 'Puente Cuéllar', '1991-03-11'),
(1859, 14, '8264884678', 'Francisco Jose', 'Cuenca Espejo', '1988-10-28'),
(1860, 10, '6151490104', 'Vicente', 'Villa Villa', '1960-08-28'),
(1861, 20, '2954020838', 'Victorino', 'Puerta Boada', '1986-10-15'),
(1862, 29, '1395283071', 'Glauco', 'Abascal Silva', '1979-09-23'),
(1863, 27, '9955695984', 'Blanca', 'Camino Cerdá', '1981-11-27'),
(1864, 21, '6342039712', 'Adela', 'Cornejo Roura', '1981-11-09'),
(1865, 22, '7885327450', 'Ricardo', 'Marti Amaya', '1997-04-04'),
(1866, 2, '3601779423', 'Ximena', 'Peiró Amat', '1981-06-22'),
(1867, 9, '8311053254', 'Edelmiro', 'Saez Canales', '1986-04-08'),
(1868, 5, '5710852405', 'Carmen', 'Fabra Becerra', '1969-05-11'),
(1869, 27, '5997843248', 'Nicolasa', 'Buendía Sainz', '1965-05-11'),
(1870, 11, '2784372189', 'Prudencia', 'Mendez Zaragoza', '1989-01-21'),
(1871, 18, '169126385', 'Salud', 'Paniagua Arranz', '1960-03-11'),
(1872, 2, '5083676509', 'Julián', 'Escrivá Yáñez', '1990-04-30'),
(1873, 2, '8113165802', 'Paco', 'Sierra Ayala', '2002-07-11'),
(1874, 30, '9590294950', 'Ale', 'Cid Ferrández', '1961-02-13'),
(1875, 10, '530390644', 'Lupe', 'Conesa Nieto', '2003-01-05'),
(1876, 12, '56662473', 'Fidela', 'Vendrell Posada', '2002-06-19'),
(1877, 10, '4450139836', 'Leonardo', 'Donoso Alvarado', '1987-03-21'),
(1878, 21, '6875068995', 'Eustaquio', 'Escudero Cáceres', '1975-05-07'),
(1879, 4, '3654940176', 'Saturnino', 'Galvez Carrera', '2003-01-14'),
(1880, 14, '2408589620', 'Rodrigo', 'Diéguez Arnaiz', '1960-10-28'),
(1881, 5, '839947796', 'Elías', 'Jurado Duque', '1986-02-01'),
(1882, 13, '1818809304', 'Juan Antonio', 'Sanmiguel Parra', '1976-03-04'),
(1883, 13, '7022513504', 'Amador', 'Morera Uría', '2006-11-16'),
(1884, 2, '5485057433', 'Rosendo', 'Pedrero Raya', '2006-01-19'),
(1885, 14, '6425433471', 'Augusto', 'Pintor Ureña', '1974-01-25'),
(1886, 2, '5600331917', 'Ramón', 'Gilabert Izquierdo', '1982-05-16'),
(1887, 12, '3111933993', 'Lisandro', 'Pintor Romeu', '1997-04-02'),
(1888, 2, '6093841668', 'Áurea', 'Vilaplana Fiol', '2005-03-26'),
(1889, 7, '9739559778', 'Heliodoro', 'Martin Granados', '2004-11-24'),
(1890, 5, '2123961937', 'Toño', 'Pou Marí', '1995-02-12'),
(1891, 23, '1345140115', 'Fabio', 'Andreu Serna', '1992-01-25'),
(1892, 21, '2022927661', 'Ámbar', 'Verdejo Manso', '1976-06-24'),
(1893, 17, '2408843891', 'Gala', 'Infante Mas', '1976-06-28'),
(1894, 20, '7425140298', 'Edelmira', 'Navas Angulo', '1984-02-15'),
(1895, 25, '5607516082', 'Nerea', 'Barreda Paniagua', '1962-01-24'),
(1896, 21, '2559288186', 'Bernardita', 'Leon Quero', '1991-06-08'),
(1897, 11, '9299398602', 'Pacífica', 'Aguiló Azcona', '1991-01-20'),
(1898, 6, '5141392529', 'Francisco Jose', 'Ferrández Arroyo', '1991-09-15'),
(1899, 27, '1919148512', 'Yaiza', 'Trillo Cifuentes', '2000-01-24'),
(1900, 13, '5646732159', 'Fabiola', 'Ojeda Acuña', '1976-05-05'),
(1901, 4, '122738790', 'Tadeo', 'Cervera Naranjo', '1997-12-10'),
(1902, 20, '8559039917', 'Damián', 'Pablo Arenas', '2005-12-08'),
(1903, 5, '9159684584', 'Josefina', 'Acuña Marín', '1983-04-09'),
(1904, 22, '8689404464', 'Gil', 'Burgos Mesa', '1974-03-02'),
(1905, 11, '1474967725', 'Soledad', 'Barón Chaparro', '1991-06-21'),
(1906, 12, '6857452357', 'María Pilar', 'Guerrero Goicoechea', '1993-05-04'),
(1907, 14, '1419966653', 'Cayetano', 'Cabrera Cantón', '1969-07-29'),
(1908, 10, '9616434387', 'Patricio', 'Andres Llobet', '1971-04-02'),
(1909, 22, '6017700189', 'Gil', 'Serna Lamas', '1970-01-13'),
(1910, 14, '6663043297', 'Priscila', 'Pinto Español', '2005-05-05'),
(1911, 8, '1477236888', 'Jesusa', 'Azcona Zabaleta', '1984-08-18'),
(1912, 25, '2129918030', 'Benigna', 'Fernández Olmo', '1983-08-13'),
(1913, 6, '5551484064', 'Cecilio', 'Jover Rosado', '1962-09-07'),
(1914, 5, '2687831910', 'Daniela', 'Guerra Morante', '1966-04-11'),
(1915, 4, '4631660384', 'Graciela', 'Mayo Núñez', '1984-03-22'),
(1916, 11, '2938887772', 'Jennifer', 'Santiago Angulo', '1988-05-01'),
(1917, 30, '4877847867', 'Gilberto', 'Campos Ricart', '1990-11-25'),
(1918, 29, '858118752', 'Vasco', 'Ibáñez Pol', '1966-05-23'),
(1919, 11, '8963033891', 'Maximino', 'Tamarit Perera', '1988-09-10'),
(1920, 5, '3209043134', 'María', 'Roig Jiménez', '1966-10-20'),
(1921, 25, '1822418843', 'Aroa', 'Jiménez Zaragoza', '1967-12-18'),
(1922, 10, '6193666870', 'Feliciano', 'Alcalá Barranco', '1988-09-28'),
(1923, 23, '2452511942', 'Celso', 'Rosado Hernandez', '1961-04-08'),
(1924, 12, '4611736782', 'Marcela', 'Uribe Barranco', '1981-01-16'),
(1925, 2, '1441334497', 'Leticia', 'Murcia Clavero', '1968-05-27'),
(1926, 22, '6093583669', 'Javier', 'Cabo Duran', '1974-07-19'),
(1927, 5, '4460230355', 'Ani', 'Núñez Botella', '2004-08-23'),
(1928, 23, '9843001312', 'Evaristo', 'Barceló Codina', '1985-01-09'),
(1929, 10, '5335601740', 'Manuel', 'Pazos Arteaga', '2006-02-19'),
(1930, 5, '9211642862', 'Gabino', 'Gámez Campo', '1976-08-28'),
(1931, 6, '1096727229', 'Adriana', 'Pardo Peláez', '1989-12-11'),
(1932, 17, '5921027858', 'Gil', 'Bartolomé Canet', '1982-06-08'),
(1933, 18, '9847520766', 'Amado', 'Machado Jordán', '1973-02-06'),
(1934, 28, '3845284736', 'Azahar', 'Franco Martínez', '1976-10-27'),
(1935, 19, '6936531317', 'Jafet', 'Blazquez Arenas', '2006-07-22'),
(1936, 21, '9263313065', 'Delfina', 'Tomás Tomás', '1967-12-22'),
(1937, 13, '4755400931', 'Alcides', 'Raya Colom', '2006-05-25'),
(1938, 12, '2510608411', 'Ignacia', 'Solsona Castañeda', '1986-06-04'),
(1939, 19, '8417898010', 'Nydia', 'Baró Sans', '1974-06-07'),
(1940, 12, '3681788096', 'Araceli', 'Cantón Roma', '1969-07-04'),
(1941, 27, '8948054234', 'Balduino', 'Vara Torrijos', '1975-06-14'),
(1942, 11, '668381922', 'Clímaco', 'Hoz Puerta', '1998-06-29'),
(1943, 18, '3865009241', 'Miriam', 'Montserrat Salas', '1974-09-20'),
(1944, 8, '7212956883', 'Trinidad', 'Tomé Carbonell', '1961-09-22'),
(1945, 29, '1541828254', 'Clara', 'Vilaplana Sanmiguel', '1993-01-21'),
(1946, 12, '4299171297', 'Fernanda', 'Manzano Olivares', '2000-05-17'),
(1947, 22, '4642752951', 'Rosario', 'Ferrándiz Barbero', '1977-03-14'),
(1948, 19, '5472492910', 'Aurelio', 'Alarcón Elías', '1960-04-18'),
(1949, 9, '7070383546', 'Manuelita', 'Viñas Hervás', '1998-01-13'),
(1950, 30, '2632461954', 'Susana', 'Garcés Menendez', '2003-04-23'),
(1951, 5, '237469684', 'Dorotea', 'Molina Vaquero', '1987-02-06'),
(1952, 4, '1703387567', 'Jordán', 'Asenjo Lladó', '1960-06-22'),
(1953, 6, '5178508409', 'Saturnino', 'Segovia Oliveras', '1980-02-23'),
(1954, 2, '2686217445', 'Brunilda', 'Coll Heredia', '1988-09-29'),
(1955, 12, '413426122', 'Carlos', 'Hervia Catalán', '1990-04-10'),
(1956, 10, '740981317', 'Atilio', 'Mir Cabrera', '1976-06-23'),
(1957, 27, '5345375378', 'Remigio', 'Barrena Cabrera', '1997-01-06'),
(1958, 11, '1333606165', 'Eustaquio', 'Acedo Cabello', '1975-11-21'),
(1959, 7, '2348938701', 'Porfirio', 'Guzman Durán', '1962-01-15'),
(1960, 17, '3179272522', 'Isidora', 'Benítez Pombo', '1995-06-26'),
(1961, 17, '9112024309', 'Melisa', 'Reig Girón', '1988-02-28'),
(1962, 22, '3612480316', 'Jordán', 'Boix Tejero', '1976-08-08'),
(1963, 11, '7465852991', 'Eli', 'Alberola Solano', '1994-08-15'),
(1964, 22, '9905296420', 'Amalia', 'Romero Toledo', '1972-06-05'),
(1965, 17, '198311432', 'Alonso', 'Otero Castilla', '1965-05-24'),
(1966, 10, '9693651698', 'Liliana', 'Cabo Ayuso', '1992-02-22'),
(1967, 2, '3922699886', 'Yago', 'Carbonell Roura', '1976-04-29'),
(1968, 8, '9745256125', 'Pánfilo', 'Amorós Montes', '1966-12-26'),
(1969, 17, '774397042', 'Álvaro', 'Agudo Ángel', '1985-03-01'),
(1970, 20, '3236149857', 'Esther', 'Landa Mateu', '1984-07-07'),
(1971, 7, '5855623666', 'Eloísa', 'Sureda Cifuentes', '2001-11-14'),
(1972, 6, '5993317138', 'Nilo', 'Porras Cardona', '2000-09-23'),
(1973, 27, '5094107762', 'Tiburcio', 'Valentín Bermudez', '1975-12-23'),
(1974, 1, '6181277433', 'Macarena', 'Carnero Vallejo', '1993-12-14'),
(1975, 21, '1828183125', 'Daniela', 'Pablo Pérez', '1967-02-23'),
(1976, 6, '9167487468', 'Samu', 'Pizarro Saez', '1996-11-27'),
(1977, 11, '4403455616', 'Prudencio', 'Urrutia Galan', '1991-02-11'),
(1978, 5, '422820566', 'Candelas', 'Zamorano Tejedor', '1979-05-23'),
(1979, 11, '199880352', 'Luisina', 'Chaves Gelabert', '2006-09-03'),
(1980, 3, '8398225618', 'Guadalupe', 'Pintor Bayona', '1980-06-10'),
(1981, 14, '1637513165', 'Ana Belén', 'Rodrigo Fuentes', '1974-10-04'),
(1982, 8, '4298611468', 'Irma', 'Cano Bellido', '1990-12-31'),
(1983, 25, '9005525591', 'Marc', 'Dávila Calatayud', '1985-05-21'),
(1984, 4, '5091979345', 'Ariadna', 'González Capdevila', '2000-10-16'),
(1985, 18, '1810321015', 'Susana', 'Ricart Juárez', '1992-07-03'),
(1986, 19, '5369791138', 'Matías', 'Pi Ponce', '2000-04-04'),
(1987, 21, '93834239', 'René', 'Guardia Acero', '1961-10-27'),
(1988, 22, '9785240930', 'Isidro', 'Torrecilla Goñi', '1987-03-22'),
(1989, 20, '3130758449', 'Jenny', 'Bermúdez Ocaña', '1999-02-19'),
(1990, 20, '4189867664', 'Margarita', 'Coca Carballo', '2004-11-24'),
(1991, 30, '2765310743', 'Almudena', 'Barco Pla', '1982-05-04'),
(1992, 6, '2569722379', 'Lino', 'Baró Arranz', '1977-11-16'),
(1993, 14, '4509198437', 'Manuelita', 'Codina Burgos', '1965-06-22'),
(1994, 18, '6628062687', 'Francisco', 'Castellanos Vilanova', '1970-07-28'),
(1995, 32, '5500847287', 'Edelmiro', 'Villena Fernández', '1961-04-14'),
(1996, 29, '8965766187', 'Danilo', 'Salom Pérez', '2004-04-06'),
(1997, 25, '7848551745', 'Nicanor', 'Samper Zaragoza', '2001-08-06'),
(1998, 2, '6771235501', 'Tere', 'López Sanchez', '2002-05-18'),
(1999, 2, '2578129028', 'Maximiano', 'Cuéllar Cepeda', '1967-02-20'),
(2000, 14, '2105962154', 'Dan', 'Lorenzo Recio', '1982-09-29'),
(2001, 28, '8537728221', 'Pelayo', 'Villanueva Bustamante', '1997-07-09'),
(2002, 19, '2847175007', 'Tatiana', 'Agustí Roselló', '1965-02-18'),
(2003, 24, '2115340169', 'Evelia', 'Millán Ramos', '1976-06-13'),
(2004, 31, '1752065915', 'Patricia', 'Burgos Diéguez', '2000-06-24'),
(2005, 10, '8397022100', 'Pepita', 'Ortuño Sanabria', '1972-01-04'),
(2006, 22, '7530342404', 'Cristian', 'Riquelme Mayol', '2001-04-28'),
(2007, 32, '1763173090', 'Amarilis', 'Vendrell Belda', '1965-12-06'),
(2008, 27, '3829551639', 'Begoña', 'Baeza Pou', '1995-12-28'),
(2009, 2, '9305861247', 'Asdrubal', 'Carbonell Galan', '2003-08-26'),
(2010, 26, '3536038811', 'Angelina', 'Benítez Rojas', '1993-06-30'),
(2011, 21, '1494902096', 'Natalia', 'Duarte Cardona', '1986-05-15'),
(2012, 26, '5130209407', 'África', 'Carreño Herranz', '1965-02-15'),
(2013, 3, '5709827988', 'Cristina', 'Arco Arrieta', '1981-01-08'),
(2014, 10, '3585412129', 'Jose Carlos', 'Tamayo Cárdenas', '2000-10-26'),
(2015, 2, '5565648575', 'Ascensión', 'Méndez Vara', '1975-03-15'),
(2016, 4, '3726205255', 'Irma', 'Casals Coronado', '1992-09-06'),
(2017, 20, '7948315437', 'Luz', 'Gibert Correa', '1969-10-18'),
(2018, 3, '8206720669', 'Maxi', 'Nogués Camacho', '1989-09-12'),
(2019, 15, '7768401728', 'Buenaventura', 'Espinosa Mora', '1997-11-04'),
(2020, 24, '8876704672', 'Mamen', 'Izquierdo Uriarte', '1988-07-17'),
(2021, 5, '3857010761', 'Verónica', 'Camino Esparza', '1972-09-05'),
(2022, 22, '160299591', 'Josefa', 'Prats Guijarro', '1998-10-13'),
(2023, 20, '6864363337', 'Pepito', 'Jordá Cabañas', '1974-01-16'),
(2024, 16, '6678067371', 'Maximino', 'Guillen Burgos', '1981-04-05'),
(2025, 3, '1673369932', 'Maura', 'Badía Herrera', '1960-06-26'),
(2026, 10, '7735149039', 'Elba', 'Páez Vázquez', '2004-11-28'),
(2027, 14, '7459835842', 'Matilde', 'Arteaga Romero', '2004-12-01'),
(2028, 2, '5608599560', 'Sofía', 'Sobrino Cerdá', '2002-09-28'),
(2029, 27, '3132662340', 'Chita', 'Echeverría Campos', '1991-04-05'),
(2030, 18, '5103204911', 'Florina', 'Buendía Riquelme', '1987-02-23'),
(2031, 19, '2182798052', 'Bonifacio', 'Fábregas Garriga', '2002-03-15'),
(2032, 5, '2020646988', 'Timoteo', 'Santamaría Andrade', '1992-06-09'),
(2033, 13, '2973880816', 'Dionisio', 'Tejero Gonzalo', '1979-11-19'),
(2034, 1, '4185965212', 'Lara', 'Escribano Mayoral', '1968-12-01'),
(2035, 2, '2793688307', 'Flavia', 'Donaire León', '1966-04-18'),
(2036, 30, '3100296751', 'Obdulia', 'Barriga Requena', '2005-09-28'),
(2037, 30, '3918568036', 'Gil', 'Guitart Roura', '1981-03-04'),
(2038, 25, '61916352', 'Tatiana', 'Cabo Menendez', '1979-08-23'),
(2039, 6, '1153007516', 'Manu', 'Lillo Cortés', '2005-06-13'),
(2040, 5, '132359443', 'Jimena', 'Losa Hierro', '1984-12-05'),
(2041, 14, '8621386065', 'Eliana', 'Mena Saavedra', '1987-11-21'),
(2042, 28, '390246482', 'Guiomar', 'Villa Rojas', '2004-08-18'),
(2043, 13, '5739635525', 'Leocadio', 'Aguiló López', '1966-11-28'),
(2044, 4, '5621808556', 'Pascual', 'Fernández Bas', '1972-12-30'),
(2045, 10, '2007717269', 'Miguel', 'Merino Cañete', '1980-04-25'),
(2046, 18, '7897460042', 'Ciro', 'Barba Verdugo', '1972-01-31'),
(2047, 14, '8916752775', 'Valeria', 'Bejarano Amores', '2003-08-26'),
(2048, 10, '5152388807', 'Rodolfo', 'Montenegro Lastra', '1972-03-24'),
(2049, 7, '753459205', 'Fabiana', 'Díaz Herranz', '1992-07-30'),
(2050, 20, '5933946911', 'Dalila', 'Roda Duran', '1971-04-27'),
(2051, 28, '6742443234', 'Joaquín', 'Guardiola Pla', '1966-03-30'),
(2052, 7, '6737434188', 'Ciro', 'Bas Feliu', '2001-04-29'),
(2053, 30, '2906865197', 'Petrona', 'Gual Mayoral', '1968-07-11'),
(2054, 22, '9794426754', 'Evangelina', 'Comas Mariscal', '1960-01-17'),
(2055, 15, '5920813013', 'Ignacia', 'Elías Vila', '1972-09-04'),
(2056, 28, '5455290963', 'Graciano', 'Fortuny Marín', '2005-10-18'),
(2057, 12, '2596341769', 'Jordán', 'Jiménez Gallardo', '1992-01-22'),
(2058, 27, '1593119419', 'Malena', 'Zurita Piquer', '1989-07-30'),
(2059, 28, '9682582061', 'Anselmo', 'Vera Royo', '1984-07-11'),
(2060, 5, '7782203217', 'Gabino', 'Luís Ibañez', '1998-02-21'),
(2061, 14, '5053437271', 'Estela', 'Cañellas Murcia', '1983-04-10'),
(2062, 19, '4384403780', 'Julio César', 'Fuente Nieto', '1961-05-16'),
(2063, 30, '1492054991', 'Martina', 'Zabala Perea', '2001-04-28'),
(2064, 6, '35462419', 'Cloe', 'Roldán Roca', '1979-03-07'),
(2065, 11, '1403419907', 'Mohamed', 'Báez Sosa', '1987-06-12'),
(2066, 25, '1409339054', 'Juan', 'Seco Casanovas', '1997-04-14'),
(2067, 8, '2246412560', 'Adalberto', 'Arellano Nieto', '1978-07-16'),
(2068, 17, '9175657493', 'Apolonia', 'Sarabia Garay', '1978-08-05'),
(2069, 6, '8529612215', 'Manola', 'Quesada Pi', '1995-01-12'),
(2070, 3, '8430468809', 'Tito', 'Sandoval Jordá', '1990-12-29'),
(2071, 13, '4365409541', 'Juanita', 'Campillo Seco', '2003-08-13'),
(2072, 8, '7967658407', 'Daniela', 'Aznar Blázquez', '1977-08-24'),
(2073, 21, '6963110419', 'Vilma', 'Blanca Berrocal', '1961-09-08'),
(2074, 8, '6543809891', 'Natividad', 'Samper Calderon', '1982-10-23'),
(2075, 14, '5979406192', 'Paula', 'Palmer Riquelme', '1989-04-20'),
(2076, 1, '7421255200', 'Aarón', 'Nevado Benito', '1996-10-31'),
(2077, 3, '8675845962', 'Clemente', 'Planas Tur', '2004-12-15'),
(2078, 10, '5551379126', 'Chus', 'Escrivá Fuente', '1979-03-25'),
(2079, 13, '2981971100', 'Quirino', 'Royo Villar', '1982-03-12'),
(2080, 9, '8273617500', 'Moisés', 'Alegria Naranjo', '1987-09-22'),
(2081, 22, '5279915600', 'Olegario', 'Mercader Arroyo', '1969-02-17'),
(2082, 25, '6704401333', 'Calixto', 'Soto Diez', '1982-06-06'),
(2083, 7, '7737543763', 'Edelmiro', 'Mas Aragonés', '1968-09-29'),
(2084, 12, '1419222174', 'Rosalva', 'Hernandez Morales', '1993-04-10'),
(2085, 27, '7863747783', 'Aroa', 'Bellido Reina', '1976-11-12'),
(2086, 21, '9824832615', 'Jose Ignacio', 'Ramírez Azorin', '2005-07-27'),
(2087, 29, '1655119831', 'Mohamed', 'Vigil Orozco', '1974-12-01'),
(2088, 17, '8671304166', 'Priscila', 'Blazquez Almeida', '1965-04-21'),
(2089, 8, '4901855460', 'Carmela', 'Pi Mínguez', '1965-08-13'),
(2090, 10, '895055028', 'Martina', 'Mariscal Vara', '1984-12-30'),
(2091, 14, '7336289649', 'Ángel', 'Ordóñez Zamora', '1985-06-26'),
(2092, 10, '7554790282', 'Atilio', 'Garzón Ponce', '1982-03-09'),
(2093, 11, '1782213409', 'Aurelio', 'Ferrera Rocamora', '1974-07-27'),
(2094, 23, '5384726919', 'Irma', 'Lucena Galván', '2002-09-09'),
(2095, 5, '6851045975', 'Samuel', 'Verdugo Pina', '1976-07-16'),
(2096, 22, '999134603', 'Brígida', 'Bello Contreras', '1973-03-30'),
(2097, 21, '5249954653', 'Valerio', 'Robles Borrego', '1992-05-04'),
(2098, 19, '4500340462', 'Sofía', 'Gimeno Casanova', '1990-04-12'),
(2099, 6, '5589698707', 'Roxana', 'Palau Serra', '1991-04-21'),
(2100, 2, '8100917981', 'Fulgencio', 'Reyes Cerdán', '1986-04-22'),
(2101, 17, '5980369649', 'Bárbara', 'Millán Armengol', '1994-07-25'),
(2102, 25, '6895370352', 'Odalys', 'Valcárcel Landa', '1993-08-20'),
(2103, 25, '7983013473', 'Emperatriz', 'Llamas Madrid', '2004-02-18'),
(2104, 21, '1435731500', 'Diana', 'Pablo Falcón', '1990-04-03'),
(2105, 27, '7515782941', 'Mirta', 'Izaguirre Amorós', '1976-03-24'),
(2106, 26, '6340223005', 'Adela', 'Rivas Talavera', '1979-01-17'),
(2107, 1, '4402436770', 'Salud', 'Conesa Alsina', '1992-07-23'),
(2108, 17, '6104224123', 'Pedro', 'Bernat Mendez', '2000-07-03'),
(2109, 30, '6206881263', 'Heraclio', 'Martí Borja', '1965-01-25'),
(2110, 23, '9481987043', 'Maxi', 'Galiano Barranco', '2002-03-22'),
(2111, 25, '2526989347', 'Modesta', 'Antúnez Artigas', '1998-10-01'),
(2112, 6, '7950438883', 'Mamen', 'Aragonés Rebollo', '1985-04-02'),
(2113, 27, '6006202502', 'Lucila', 'Velasco Conesa', '1976-05-17'),
(2114, 28, '7494138967', 'Lorenza', 'Lago Nuñez', '1976-07-05'),
(2115, 2, '7117727496', 'Pío', 'Hoyos Nogués', '1972-03-01'),
(2116, 9, '3924690014', 'Rosaura', 'Castillo Reina', '1989-02-22'),
(2117, 4, '4225617916', 'Evangelina', 'Alcalde Arco', '1977-08-09'),
(2118, 5, '2003237395', 'Rita', 'Bermúdez Becerra', '1963-12-22'),
(2119, 22, '3159430696', 'Ofelia', 'Mena Pardo', '1988-07-28'),
(2120, 32, '334133984', 'Eli', 'Valls Pujol', '1981-04-15'),
(2121, 30, '4267558698', 'Chema', 'Cal Monreal', '1994-01-30'),
(2122, 22, '9513509018', 'Victorino', 'Lloret Querol', '1988-11-28'),
(2123, 14, '4623535663', 'Luna', 'Medina Sosa', '1990-06-05'),
(2124, 1, '8989406946', 'Fernanda', 'Real Vicente', '1993-01-09'),
(2125, 20, '2873030685', 'Lisandro', 'Serrano Reina', '1987-02-09'),
(2126, 2, '7876514100', 'Carla', 'Colom Alcázar', '1985-04-08'),
(2127, 2, '3058080287', 'Rafa', 'Quintero Novoa', '2000-10-01'),
(2128, 21, '6812534964', 'Ale', 'Zurita Bauzà', '1978-09-10'),
(2129, 27, '3085199851', 'Judith', 'Guerrero Guardiola', '1960-02-21'),
(2130, 11, '3135304666', 'Consuelo', 'Estevez Valderrama', '1988-09-01'),
(2131, 10, '8195949248', 'Rita', 'Alemany Moles', '1978-10-30'),
(2132, 7, '7894905381', 'Irma', 'Herranz Roca', '1971-10-15'),
(2133, 18, '3928287802', 'Bonifacio', 'Isern Ballesteros', '1984-01-09'),
(2134, 17, '288762330', 'Sara', 'Borja Pont', '1985-06-27'),
(2135, 29, '4433400629', 'Amada', 'Meléndez Sanmartín', '1976-06-22'),
(2136, 7, '9505681883', 'Dominga', 'Bosch Isern', '1990-10-10'),
(2137, 22, '6443922927', 'Florencio', 'Julián Sarabia', '1980-04-04'),
(2138, 27, '8009014518', 'Pastora', 'Castellanos Acedo', '1972-09-08'),
(2139, 3, '9995739085', 'Juan Francisco', 'Luján Calderón', '1961-01-11'),
(2140, 2, '2887067102', 'Yésica', 'Gonzalez Vargas', '1992-08-13'),
(2141, 21, '2770853935', 'Pili', 'Palau Blanca', '1996-06-15'),
(2142, 21, '6039957787', 'Martín', 'Valdés Tello', '1980-06-23'),
(2143, 13, '410221085', 'Cipriano', 'Frutos Pazos', '1965-02-02'),
(2144, 2, '807017913', 'Epifanio', 'Padilla Vilaplana', '1985-05-04'),
(2145, 10, '5135043052', 'Valentina', 'Ripoll Monreal', '1996-04-08'),
(2146, 2, '3499173270', 'Paco', 'Gallo Águila', '1996-07-03'),
(2147, 29, '9310576554', 'Diego', 'Torrijos Mosquera', '1983-04-15'),
(2148, 30, '9893837527', 'Soraya', 'Benitez Donaire', '1997-08-05'),
(2149, 29, '8500625563', 'Natalio', 'Paniagua Villena', '1967-06-04'),
(2150, 2, '5913267137', 'Onofre', 'Enríquez Garrido', '1996-07-04'),
(2151, 21, '3667105702', 'Diana', 'Giménez Merino', '1996-02-18'),
(2152, 6, '2456462224', 'Carla', 'Armengol Baquero', '1973-03-28'),
(2153, 30, '1654333291', 'Juan Antonio', 'Castejón Duran', '1981-02-09'),
(2154, 24, '3928726409', 'Cristian', 'Pelayo Sierra', '1976-05-16'),
(2155, 12, '3637801564', 'Priscila', 'Cal Durán', '1964-03-15'),
(2156, 17, '6506920200', 'Fabián', 'Sureda Ferrando', '1979-12-26'),
(2157, 14, '4669299596', 'Lourdes', 'Querol Borja', '1973-04-11'),
(2158, 12, '1071416462', 'Nazaret', 'Palacio Pareja', '1973-03-21'),
(2159, 25, '3646319385', 'Bernardino', 'Montes Godoy', '1962-07-20'),
(2160, 4, '815224793', 'Nuria', 'Meléndez Martin', '1960-08-05'),
(2161, 31, '6226758780', 'Berta', 'Borja Cabo', '1963-02-15'),
(2162, 20, '6044166154', 'Encarna', 'Mateo Milla', '1981-08-27'),
(2163, 30, '6256128844', 'Manuela', 'Rosell Gámez', '1980-09-05'),
(2164, 20, '8101791071', 'Dimas', 'Espejo Cabello', '1969-07-07'),
(2165, 2, '5441296979', 'Ezequiel', 'Ballesteros Riera', '1980-10-09'),
(2166, 18, '2939629904', 'Esmeralda', 'Calderon Alsina', '1988-06-07'),
(2167, 11, '4173415285', 'Yéssica', 'Piñeiro Pintor', '2006-11-07'),
(2168, 32, '2645096320', 'Ale', 'Barral Zurita', '2003-03-17'),
(2169, 2, '568717010', 'Graciana', 'Ibáñez Cañete', '1968-04-19'),
(2170, 10, '4902255727', 'Paloma', 'Vara Casas', '1970-03-27'),
(2171, 20, '2950703028', 'Evita', 'Valera Pagès', '2003-04-25'),
(2172, 27, '1727042601', 'Florentina', 'Piquer Pizarro', '1969-10-31'),
(2173, 21, '8720832262', 'Guillermo', 'Lillo Valderrama', '1998-11-19'),
(2174, 4, '3042625360', 'Marcia', 'Acevedo Alba', '1983-05-23'),
(2175, 28, '2442561079', 'Emilio', 'Ortiz Ugarte', '1968-09-15'),
(2176, 13, '3264447303', 'Carmen', 'Sarmiento Avilés', '1973-08-03'),
(2177, 30, '678178119', 'Américo', 'Artigas Sierra', '1978-02-01'),
(2178, 21, '6695238797', 'Encarnación', 'Uriarte Castells', '1977-03-09'),
(2179, 25, '3457712674', 'Cayetana', 'Sierra Carvajal', '1969-09-29'),
(2180, 17, '6915155988', 'Chus', 'Marquez Nadal', '1972-07-27'),
(2181, 6, '3484945261', 'Natanael', 'Vigil Alvarado', '1969-12-05'),
(2182, 13, '1715554518', 'Noelia', 'Pinto Arranz', '1979-07-01'),
(2183, 27, '2372617582', 'Fulgencio', 'Espada Juárez', '1960-10-06'),
(2184, 2, '6344122367', 'Virgilio', 'Pujol Nogueira', '1962-09-24'),
(2185, 30, '4395013320', 'Sabina', 'Blanco Valverde', '1999-08-31'),
(2186, 13, '6464181146', 'Tristán', 'Poza Jover', '1973-10-17'),
(2187, 20, '151514270', 'Valentina', 'Porcel Mur', '2002-07-25'),
(2188, 5, '7907024618', 'Tomás', 'Cañizares Giménez', '1994-12-06'),
(2189, 11, '6695269902', 'Bernarda', 'Verdugo Vicens', '1990-01-10'),
(2190, 5, '5930993187', 'Teodoro', 'Gámez Benavent', '1973-11-30'),
(2191, 2, '4118794591', 'Sigfrido', 'Castellanos Cervera', '2000-02-25'),
(2192, 21, '9421138179', 'Roberto', 'Agullo Losa', '1992-09-11'),
(2193, 32, '9780045137', 'Marisa', 'Salvador Bernal', '1999-03-10'),
(2194, 32, '2643117241', 'Iker', 'Verdú Alegria', '1974-01-01'),
(2195, 21, '1414208068', 'Martirio', 'Jerez Vázquez', '1999-10-31'),
(2196, 14, '7581891316', 'Luna', 'Hoyos Domingo', '1998-08-26'),
(2197, 4, '5539856155', 'Candelario', 'Carro Jover', '1991-03-04'),
(2198, 3, '3139951803', 'Porfirio', 'Guijarro Mena', '1989-11-14'),
(2199, 21, '9140316651', 'Jose', 'Palmer Buendía', '1987-09-19'),
(2200, 22, '2036811454', 'Feliciana', 'Barbero Muñoz', '1974-12-09'),
(2201, 14, '9131506687', 'Luna', 'Prada Uriarte', '1960-06-05'),
(2202, 2, '6515756878', 'Ofelia', 'Álvaro Riba', '1982-06-21'),
(2203, 20, '2838241235', 'Dorita', 'Diaz Pedrero', '2005-01-18'),
(2204, 5, '3804937484', 'Begoña', 'Cózar Abellán', '1967-06-08'),
(2205, 17, '2263200088', 'Fabio', 'Higueras Perea', '1974-03-01'),
(2206, 27, '4474215238', 'Tomasa', 'Viana Vilar', '1983-03-24'),
(2207, 19, '7419526276', 'Isa', 'Rocamora Toro', '1987-10-06'),
(2208, 22, '7040046705', 'Ani', 'Alfaro Pujol', '1978-11-07'),
(2209, 18, '2369379129', 'Alexandra', 'Leiva Lozano', '1998-12-29'),
(2210, 2, '6763892579', 'Nicanor', 'Collado Bernad', '1975-08-14'),
(2211, 30, '861854373', 'Ale', 'Mora Ocaña', '2006-06-02'),
(2212, 21, '2699422320', 'Águeda', 'Vaquero Torres', '1978-07-30'),
(2213, 29, '1187275431', 'Itziar', 'Baró Manuel', '1995-09-23'),
(2214, 20, '3988068944', 'Tiburcio', 'Salcedo Moraleda', '1968-01-31'),
(2215, 30, '2799948106', 'Montserrat', 'Ureña Rodriguez', '1977-05-25'),
(2216, 13, '1437290093', 'Julio', 'Ramos Pagès', '1981-07-22'),
(2217, 2, '7049441942', 'María', 'Cantón Quintana', '1989-11-17'),
(2218, 25, '1832954296', 'Lorenza', 'Aguiló Ayllón', '1998-05-24'),
(2219, 29, '4103469133', 'Pascual', 'Varela Espejo', '1964-01-18'),
(2220, 31, '3586599377', 'Ruy', 'Feliu Arellano', '1965-09-27'),
(2221, 2, '9995595855', 'Aitana', 'Cortina Duque', '1979-01-01'),
(2222, 25, '620981459', 'Azucena', 'Lucas Garrido', '1980-09-02'),
(2223, 2, '2577849657', 'Alexandra', 'Pizarro Reguera', '1997-07-19'),
(2224, 12, '8799614347', 'Eusebia', 'Vizcaíno Izquierdo', '1989-07-23'),
(2225, 31, '4439218338', 'Adán', 'Frías Ferrándiz', '1980-04-23'),
(2226, 8, '2377473912', 'Calixto', 'Múgica Gilabert', '1989-09-29'),
(2227, 6, '3211566169', 'Reinaldo', 'Águila Pujol', '1987-02-18'),
(2228, 14, '2087226931', 'Íngrid', 'Oliva Morera', '1977-09-02'),
(2229, 2, '5465627768', 'Silvia', 'Alcázar Ochoa', '1976-07-27'),
(2230, 5, '2515865369', 'Tecla', 'Pozo Armas', '2001-10-01'),
(2231, 2, '8119768575', 'Amada', 'Lastra Quintana', '2002-12-21'),
(2232, 2, '3008689653', 'Ana Sofía', 'Cerdán Asensio', '2002-09-16'),
(2233, 17, '5180633090', 'Ángela', 'Martínez Barros', '1967-03-08'),
(2234, 14, '9247738939', 'Bernarda', 'Oller Rebollo', '1990-02-20'),
(2235, 8, '6448083912', 'Malena', 'Arnau Donaire', '1965-09-17'),
(2236, 2, '8371971773', 'Miguel Ángel', 'Gelabert Hoyos', '1961-03-25'),
(2237, 22, '7187961145', 'Wilfredo', 'Nieto Montero', '1997-04-04'),
(2238, 27, '595968545', 'Yaiza', 'Cuenca Pomares', '1972-04-22'),
(2239, 29, '6085045192', 'Isaac', 'Peláez Puga', '1992-05-27'),
(2240, 19, '5441701821', 'Marianela', 'Prats Acedo', '1990-03-26'),
(2241, 4, '1474865481', 'Griselda', 'Cabo Vargas', '1964-04-18'),
(2242, 2, '6253836724', 'Reinaldo', 'Pellicer Bayona', '1970-04-27'),
(2243, 29, '7249872108', 'Marcelino', 'Báez Melero', '2000-12-30'),
(2244, 25, '3353306624', 'Norberto', 'Fuster Cabrera', '1989-02-12'),
(2245, 14, '8236256345', 'Estefanía', 'Enríquez Vizcaíno', '2005-09-09'),
(2246, 6, '3263977403', 'Asunción', 'Navarrete Tamarit', '1978-05-31'),
(2247, 6, '6184644643', 'Toño', 'Ordóñez Pinilla', '1981-08-14'),
(2248, 24, '4452594364', 'Alejo', 'Pardo Moreno', '1980-07-06'),
(2249, 20, '9720902468', 'Nadia', 'Gallo Maza', '1975-01-18'),
(2250, 20, '2115826301', 'Nicodemo', 'Reguera Díaz', '1969-06-25'),
(2251, 11, '3117819803', 'Paula', 'Larrañaga Balaguer', '1993-01-10'),
(2252, 17, '5330015657', 'Rosaura', 'Capdevila Oliva', '1974-03-22'),
(2253, 8, '6287028384', 'Edelmiro', 'Azcona Asenjo', '1967-05-14'),
(2254, 21, '5378420609', 'Wálter', 'Granados Maestre', '2001-09-19'),
(2255, 28, '8422178569', 'Jose Angel', 'Bellido Jáuregui', '1996-05-29'),
(2256, 22, '2077718803', 'Fulgencio', 'Ortuño Pavón', '1991-10-06'),
(2257, 2, '5741368259', 'José Manuel', 'Calleja Godoy', '1983-03-18'),
(2258, 22, '9751136949', 'Lupe', 'Torrents Mendizábal', '1966-05-17'),
(2259, 2, '7081118153', 'Adelia', 'Gargallo Miralles', '1970-03-20'),
(2260, 10, '9210846601', 'Quique', 'Peralta Olmedo', '1997-07-04'),
(2261, 7, '7888460613', 'Amalia', 'Mata Torrents', '1984-07-15'),
(2262, 10, '9009643317', 'Sebastian', 'Quevedo Arregui', '1970-06-21'),
(2263, 27, '9717326628', 'Felicidad', 'Carpio Ferrer', '1987-11-01'),
(2264, 3, '720026682', 'Ignacio', 'Matas Saldaña', '1960-01-09'),
(2265, 14, '1290994227', 'Adela', 'Cal Infante', '1987-02-23'),
(2266, 10, '3076559327', 'José Manuel', 'Ureña Torrijos', '1976-08-09'),
(2267, 22, '8479096235', 'Edelmiro', 'Olmedo Montenegro', '1998-10-24'),
(2268, 22, '8769207015', 'Leticia', 'Gascón Valera', '1979-03-07'),
(2269, 25, '7587417160', 'Angelino', 'Casado Serrano', '1961-08-16'),
(2270, 5, '9410116585', 'Paloma', 'Pont Cabrero', '1961-03-17'),
(2271, 17, '4629257824', 'Pablo', 'Anguita Ariza', '1967-01-12'),
(2272, 14, '5940874431', 'Constanza', 'Lerma Aragonés', '1993-03-01'),
(2273, 5, '6627117502', 'Juanita', 'Enríquez Ángel', '1981-03-02'),
(2274, 2, '9937764264', 'Clímaco', 'Puga Costa', '1967-05-16'),
(2275, 4, '9605053204', 'Carmela', 'Rodrigo Salgado', '1987-03-28'),
(2276, 3, '2907074032', 'Patricio', 'Figuerola Romero', '1993-01-08'),
(2277, 29, '4294353914', 'Quirino', 'Palacio Águila', '2000-05-04'),
(2278, 1, '1750281774', 'Amaya', 'Barco Santos', '1968-08-11'),
(2279, 19, '9160475528', 'Bárbara', 'Garmendia León', '1965-09-15'),
(2280, 30, '4153399395', 'Jerónimo', 'Ojeda Campillo', '1973-02-01'),
(2281, 28, '2628914109', 'Carlito', 'Lladó Falcó', '1963-02-07'),
(2282, 12, '6887413935', 'Visitación', 'Menendez Cózar', '1993-05-30'),
(2283, 2, '7023357726', 'Encarnacion', 'González Rosell', '1987-06-21'),
(2284, 1, '3963756929', 'Mauricio', 'Tena Riba', '1989-12-12'),
(2285, 14, '3798636315', 'Jordana', 'Leal Viña', '1961-06-01'),
(2286, 31, '9431822094', 'María Jesús', 'Alba Aznar', '1990-12-11'),
(2287, 17, '6996030678', 'Pía', 'Patiño Corral', '1986-06-04'),
(2288, 5, '3540608132', 'Armida', 'Dávila Noriega', '1972-03-30'),
(2289, 26, '7169968813', 'Jordi', 'Sotelo Lamas', '1964-07-17'),
(2290, 3, '5971465781', 'Dalila', 'Calleja Borrego', '1968-06-27'),
(2291, 2, '2887159244', 'Gustavo', 'Delgado Benet', '1977-11-07');
INSERT INTO `votantes` (`id_votante`, `id_distrito`, `dni`, `nombre`, `apellidos`, `fecha_nacimiento`) VALUES
(2292, 13, '5009612321', 'Roxana', 'Cuenca Pina', '1965-07-08'),
(2293, 27, '3965426918', 'Delfina', 'Torrijos Collado', '1982-07-26'),
(2294, 14, '8010744717', 'Rufino', 'Montalbán Sanmiguel', '1977-11-13'),
(2295, 21, '5466842199', 'Yaiza', 'Perales Garmendia', '1972-03-15'),
(2296, 8, '7812425482', 'Lino', 'Macías Benito', '1967-05-04'),
(2297, 14, '2236698326', 'Nayara', 'Noriega Blázquez', '1974-06-12'),
(2298, 21, '1933360021', 'Ariadna', 'Alfaro Neira', '1969-09-20'),
(2299, 10, '248844772', 'Carmina', 'Cabrera Gascón', '1990-02-23'),
(2300, 17, '7397123563', 'Armida', 'Mascaró Cabo', '1996-06-10'),
(2301, 24, '4639729419', 'Roberto', 'Cañizares Daza', '1961-10-17'),
(2302, 4, '4063548517', 'Juan Carlos', 'Yuste Hervás', '1973-05-23'),
(2303, 12, '5338361182', 'Juanito', 'Barreda Cabanillas', '1967-06-21'),
(2304, 15, '5087749922', 'Fortunato', 'Galan Porras', '1960-09-02'),
(2305, 28, '840074436', 'Apolonia', 'Tirado Prat', '1979-09-14'),
(2306, 21, '2074059483', 'Lupita', 'Alarcón Robles', '2004-11-26'),
(2307, 15, '7151172643', 'Trinidad', 'Camps Gálvez', '1991-07-17'),
(2308, 21, '1620132317', 'Manu', 'Perea Acedo', '1992-10-10'),
(2309, 2, '3600632823', 'Fanny', 'Rico Esteve', '1966-04-12'),
(2310, 2, '2143135648', 'Ariel', 'Luján Zabaleta', '1995-01-07'),
(2311, 10, '8801787009', 'Marcelino', 'Calderon Vallejo', '1986-06-06'),
(2312, 20, '955073361', 'Jaime', 'Cáceres Pombo', '1980-02-18'),
(2313, 27, '7105341906', 'Natalia', 'Pérez Jerez', '2001-09-23'),
(2314, 14, '6139225080', 'Marc', 'Canales Blanco', '1987-03-15'),
(2315, 6, '4453902435', 'Lina', 'Gual Almagro', '1986-03-23'),
(2316, 25, '66425155', 'Marc', 'Castrillo Navarrete', '2004-12-11'),
(2317, 28, '4286587881', 'Julieta', 'Sanjuan Baena', '1968-04-16'),
(2318, 5, '2372159300', 'Malena', 'Pereira Cabo', '1972-09-04'),
(2319, 32, '2340023500', 'Cruz', 'Posada Sobrino', '1960-08-17'),
(2320, 17, '6280837936', 'Gabino', 'Carranza Márquez', '1976-09-04'),
(2321, 21, '8877631689', 'Jose Ramón', 'Puig Chacón', '1983-02-04'),
(2322, 20, '4091388228', 'Samu', 'Acevedo Checa', '1971-10-02'),
(2323, 17, '4780649062', 'Concha', 'Amaya Viana', '1990-11-22'),
(2324, 4, '9776824775', 'Agustín', 'Cid Guardiola', '1973-06-08'),
(2325, 4, '1280082896', 'Isabel', 'Blanch Acosta', '1987-09-05'),
(2326, 27, '5850122398', 'Jose', 'Morera Blasco', '1992-07-23'),
(2327, 25, '5632842745', 'Zaida', 'Izaguirre Pi', '1998-12-13'),
(2328, 12, '1482455887', 'Amancio', 'Cánovas Bertrán', '1980-08-07'),
(2329, 10, '379791622', 'Visitación', 'Hidalgo Fajardo', '1965-10-19'),
(2330, 5, '6748926030', 'Quirino', 'Vilanova Toledo', '1998-06-06'),
(2331, 27, '2483301247', 'Isidro', 'Nicolau Santiago', '1966-09-12'),
(2332, 9, '2117179317', 'Rocío', 'Torre Amor', '1972-12-23'),
(2333, 2, '4435233776', 'Segismundo', 'Vall Sans', '1963-10-10'),
(2334, 6, '1303371327', 'Efraín', 'Izaguirre Piña', '1960-03-22'),
(2335, 24, '1417165721', 'Ruben', 'Isern Guardiola', '2003-01-29'),
(2336, 4, '6831560606', 'Horacio', 'Haro Samper', '1986-02-08'),
(2337, 14, '6694202904', 'David', 'Santana Quintanilla', '1991-01-11'),
(2338, 10, '7160703303', 'Rosa', 'Barrera Agustí', '1986-04-14'),
(2339, 20, '1201797635', 'Martín', 'Morata Sanz', '2005-12-02'),
(2340, 10, '3616513269', 'Purificación', 'Bernal Sureda', '1975-12-24'),
(2341, 2, '191586492', 'Jaime', 'Elorza Lamas', '1999-05-17'),
(2342, 11, '7693339194', 'Marianela', 'Sanmiguel Mínguez', '1993-11-29'),
(2343, 6, '8024206254', 'Demetrio', 'Abad Matas', '1996-11-01'),
(2344, 10, '8775430744', 'Marcio', 'Ródenas Gaya', '1967-11-11'),
(2345, 14, '2325300886', 'Omar', 'Pombo Aller', '1983-02-04'),
(2346, 5, '7924753743', 'Fermín', 'Tomás Aznar', '1990-11-10'),
(2347, 10, '8116506114', 'Nieves', 'Tejada Reyes', '1967-11-19'),
(2348, 10, '451771195', 'Aurelio', 'Tomé Suárez', '1986-08-02'),
(2349, 22, '6225877191', 'Luis Miguel', 'Ortega Ripoll', '1983-02-17'),
(2350, 29, '1981417504', 'Ariel', 'Sarmiento Cordero', '1971-03-22'),
(2351, 2, '2476543467', 'Manu', 'Vendrell Nebot', '1978-02-27'),
(2352, 16, '2921867285', 'Marta', 'Frutos Alarcón', '2001-04-30'),
(2353, 13, '6474537056', 'Isidora', 'Pinto Álvaro', '1983-08-21'),
(2354, 5, '7480299706', 'Aitor', 'Roura Pinilla', '2000-01-20'),
(2355, 4, '8001105648', 'Borja', 'Gil Vives', '1968-11-22'),
(2356, 30, '8295677796', 'Merche', 'Tamayo Aragón', '2002-05-31'),
(2357, 22, '6254396705', 'Débora', 'Perera Solís', '1962-09-05'),
(2358, 14, '9470920895', 'Clara', 'Ramos Cobos', '1985-07-01'),
(2359, 2, '5251976725', 'Adelina', 'Espejo Saldaña', '1964-08-22'),
(2360, 27, '366785845', 'Urbano', 'Gómez Pallarès', '1968-04-12'),
(2361, 4, '9148350964', 'Edelmira', 'Rivas Duque', '1972-08-25'),
(2362, 30, '4434476534', 'Calista', 'Diez Madrigal', '1973-08-15'),
(2363, 21, '704217668', 'Guadalupe', 'Herranz Azorin', '1969-08-19'),
(2364, 27, '9516252215', 'Dolores', 'Gras Iniesta', '1978-12-11'),
(2365, 10, '1628158649', 'Mirta', 'Quero Amorós', '1985-08-10'),
(2366, 6, '8479604009', 'Laura', 'González Abril', '1987-01-13'),
(2367, 6, '6923367320', 'Fátima', 'Castrillo Farré', '1983-02-07'),
(2368, 11, '8074344106', 'Mohamed', 'Checa Mayoral', '1966-01-16'),
(2369, 20, '9176370138', 'Olegario', 'Herrera Toledo', '1963-03-14'),
(2370, 5, '8333120408', 'José Luis', 'Navarrete Madrigal', '1996-01-29'),
(2371, 14, '8362652836', 'Jose Luis', 'Campillo Carnero', '1999-04-10'),
(2372, 29, '4337082566', 'Flavio', 'Paredes Olmo', '1981-01-22'),
(2373, 27, '3884859229', 'Benita', 'Agudo Morante', '1976-09-28'),
(2374, 22, '8480097386', 'Segismundo', 'Mate Catalán', '1984-09-29'),
(2375, 17, '4423230411', 'Cecilia', 'Rodrigo Salom', '1996-12-09'),
(2376, 29, '1704618467', 'Iris', 'Escribano Arnal', '1975-06-16'),
(2377, 6, '4084322220', 'Florentino', 'Carvajal Ibañez', '1965-01-04'),
(2378, 2, '8233680694', 'Andrés', 'Buendía Moreno', '1998-01-06'),
(2379, 29, '9155661384', 'Obdulia', 'Suarez Zamorano', '1992-10-31'),
(2380, 4, '2134869452', 'Pascuala', 'Benito Infante', '1970-08-12'),
(2381, 2, '7754845929', 'Clementina', 'Paredes Rebollo', '1971-09-18'),
(2382, 6, '4780729322', 'Yolanda', 'Poza Menendez', '1980-05-03'),
(2383, 29, '4788266895', 'Adán', 'Guitart Ferreras', '1972-05-01'),
(2384, 21, '2175651815', 'Adriana', 'Acuña Aliaga', '1981-12-15'),
(2385, 29, '8927436936', 'Ariel', 'Escamilla Águila', '1993-01-30'),
(2386, 13, '5635939652', 'Isidora', 'Bernad Conesa', '1961-05-03'),
(2387, 5, '9221894253', 'Feliciano', 'Acevedo Blanca', '1993-03-06'),
(2388, 1, '5844816176', 'Quique', 'Llabrés Batlle', '1987-01-02'),
(2389, 26, '9772883586', 'Andrea', 'Cervantes Bayo', '1963-09-04'),
(2390, 5, '5450571799', 'Severo', 'Catalá Soler', '1981-08-22'),
(2391, 23, '4714479158', 'Francisco Javier', 'Ramirez Salvà', '1977-02-06'),
(2392, 14, '1184444340', 'Paola', 'Azcona Gras', '1986-12-30'),
(2393, 20, '4532917785', 'Bienvenida', 'Noguera Manzano', '1996-11-01'),
(2394, 6, '3457488981', 'Heriberto', 'Alcalde Perales', '1994-06-11'),
(2395, 25, '8385267329', 'Erasmo', 'Gárate Garzón', '1986-12-21'),
(2396, 29, '2767093391', 'Teodosio', 'Avilés Borja', '1977-07-24'),
(2397, 27, '5736242281', 'Dorotea', 'Corral Grande', '1969-01-20'),
(2398, 5, '6018691969', 'Carlos', 'Leal Nogués', '1993-12-06'),
(2399, 29, '3022346220', 'Estela', 'Seguí Aguilar', '1966-05-28'),
(2400, 29, '1567588279', 'Lorenza', 'Campillo Rosell', '1993-09-02'),
(2401, 2, '567942708', 'Esmeralda', 'Castelló Ordóñez', '1964-11-26'),
(2402, 12, '2454390340', 'Arturo', 'Carreras Cortes', '1997-04-21'),
(2403, 25, '1515400302', 'Jordán', 'González Company', '1998-05-08'),
(2404, 26, '9743788300', 'Flor', 'Figueroa Tapia', '1999-09-27'),
(2405, 10, '9283680616', 'Virginia', 'Calderón Nuñez', '1996-05-03'),
(2406, 15, '536411156', 'Timoteo', 'Galván Salcedo', '1965-07-24'),
(2407, 3, '9802929614', 'Fidel', 'Aliaga Soler', '1982-08-22'),
(2408, 4, '6268463642', 'Josefa', 'Cano Menendez', '1972-05-20'),
(2409, 6, '9874244598', 'Obdulia', 'Solsona Gárate', '1999-07-23'),
(2410, 20, '1769721575', 'Rogelio', 'Castillo Oliva', '2000-10-24'),
(2411, 16, '8932365625', 'Ángela', 'Gámez Becerra', '1971-12-30'),
(2412, 5, '9880053267', 'Consuelo', 'Soriano Sancho', '1975-12-06'),
(2413, 29, '7068502818', 'Leandra', 'Serra Tenorio', '1971-08-04'),
(2414, 2, '5402566252', 'Graciano', 'Maza Figueroa', '2002-09-29'),
(2415, 19, '8088891216', 'Rosalina', 'Mayo Sevillano', '1995-03-17'),
(2416, 7, '2127758434', 'Elisabet', 'Peñalver Paredes', '1992-04-28'),
(2417, 4, '4768777981', 'Vera', 'Ramis Meléndez', '1975-01-21'),
(2418, 27, '2781375492', 'Perlita', 'Crespi Arévalo', '1975-04-21'),
(2419, 11, '8670520298', 'Manu', 'Casares Marcos', '1991-12-10'),
(2420, 14, '8807108154', 'Américo', 'Ayllón Madrid', '1960-07-16'),
(2421, 6, '2583025487', 'Simón', 'Pablo Tomas', '1975-06-01'),
(2422, 28, '6347455952', 'Edu', 'Maestre Diez', '1987-06-29'),
(2423, 1, '594513810', 'Pío', 'Jurado Corral', '1962-02-22'),
(2424, 6, '5243398164', 'Merche', 'Gual Baena', '2000-05-31'),
(2425, 7, '3266213785', 'Lina', 'Ledesma Barral', '1966-09-19'),
(2426, 27, '7210261862', 'Eusebio', 'Soler Herranz', '1967-04-18'),
(2427, 13, '1976178140', 'Oriana', 'Esparza Prieto', '1981-01-15'),
(2428, 27, '3914616473', 'Juan', 'Tur Moya', '1988-07-20'),
(2429, 14, '3384260320', 'Selena', 'Alberdi Bastida', '1995-05-26'),
(2430, 17, '1142011302', 'Zaida', 'Gisbert Gelabert', '1982-05-08'),
(2431, 11, '5467052616', 'Nicolasa', 'Medina Céspedes', '1970-08-22'),
(2432, 22, '2737489593', 'Perlita', 'Moraleda Rincón', '2006-06-20'),
(2433, 28, '7273697028', 'Mirta', 'Tapia Blanca', '1983-11-29'),
(2434, 27, '2556057359', 'Montserrat', 'Domingo Delgado', '1989-03-30'),
(2435, 4, '9292272414', 'Marcial', 'Sola Guzman', '1987-04-19'),
(2436, 27, '1393490314', 'Aristides', 'Franco Clemente', '2001-01-27'),
(2437, 2, '2417068537', 'Consuelo', 'Arellano Baquero', '1989-04-25'),
(2438, 11, '6241801316', 'Borja', 'Mesa Mascaró', '1969-10-22'),
(2439, 8, '2099768768', 'Purificación', 'Morcillo Monreal', '1977-07-29'),
(2440, 8, '8815409597', 'África', 'Luz Echeverría', '2003-07-15'),
(2441, 4, '1067661448', 'Salvador', 'Ureña Cobo', '1964-01-22'),
(2442, 27, '7450511390', 'Venceslás', 'Parra Leal', '1998-09-29'),
(2443, 2, '9554729629', 'Haroldo', 'Maza Guardia', '2006-06-08'),
(2444, 18, '6762720605', 'Diana', 'Aliaga Lluch', '1981-08-20'),
(2445, 7, '3666491795', 'Manola', 'Español Oliver', '1971-10-09'),
(2446, 10, '6499935462', 'Celestina', 'Girón Múñiz', '1990-12-21'),
(2447, 2, '850953344', 'Pastora', 'Vicente Cabello', '1974-12-15'),
(2448, 18, '1057735835', 'Alicia', 'Guerrero Lluch', '1983-01-22'),
(2449, 30, '9657457779', 'Tomasa', 'Galindo Ayuso', '1972-03-13'),
(2450, 6, '4233808134', 'Teo', 'Menéndez Cadenas', '1972-01-21'),
(2451, 19, '4950065922', 'Marta', 'Tamarit Izaguirre', '1961-05-14'),
(2452, 30, '6608810774', 'Graciano', 'Segarra Criado', '1963-08-21'),
(2453, 11, '1038211806', 'Ovidio', 'Arribas Morante', '1964-11-02'),
(2454, 28, '1716960962', 'Edgardo', 'Ibarra Catalán', '1982-02-15'),
(2455, 29, '4416675136', 'Leandra', 'Borrás Pavón', '1984-02-26'),
(2456, 19, '9982647259', 'Rosa María', 'Valenzuela Balaguer', '1999-11-22'),
(2457, 13, '9735716516', 'Jovita', 'Badía Llano', '1970-03-26'),
(2458, 6, '5759074255', 'Marcos', 'Belda Bermúdez', '2000-04-19'),
(2459, 12, '2665670697', 'Ramiro', 'Perales Bonilla', '1968-11-06'),
(2460, 2, '1377575976', 'Arcelia', 'Aranda Torre', '1995-01-25'),
(2461, 3, '8913636459', 'Ciriaco', 'Ibañez Ojeda', '1961-05-06'),
(2462, 30, '3190828030', 'Luisina', 'Menéndez Izquierdo', '1964-07-19'),
(2463, 21, '8050856851', 'Damián', 'Mínguez Valencia', '1981-04-07'),
(2464, 30, '5832317836', 'Domingo', 'Poza Rosell', '1975-08-03'),
(2465, 25, '2789989848', 'Leopoldo', 'Recio Hoyos', '1961-01-30'),
(2466, 27, '1849341101', 'Marcela', 'Reguera Cañete', '1964-12-17'),
(2467, 4, '7117332578', 'Tecla', 'Rosell Gámez', '1981-05-24'),
(2468, 12, '564458789', 'Samanta', 'Abascal Sedano', '1989-07-21'),
(2469, 9, '4035326973', 'Matías', 'Arnaiz Mancebo', '1970-05-13'),
(2470, 27, '4530052150', 'Elvira', 'Pol Valle', '1984-04-16'),
(2471, 32, '6207913874', 'Saturnina', 'Berenguer Maza', '1972-10-24'),
(2472, 29, '2945654437', 'Jimena', 'Rocamora Amador', '1994-04-10'),
(2473, 10, '8770464317', 'María Del Carmen', 'Arellano Canales', '1962-11-24'),
(2474, 7, '7534705381', 'Luz', 'Báez Ayllón', '1974-08-19'),
(2475, 5, '2576532483', 'Amalia', 'Vilanova Zamorano', '1993-12-23'),
(2476, 4, '2393448393', 'Brígida', 'Galan Arenas', '1979-01-08'),
(2477, 6, '8142533080', 'Gala', 'Carbó Polo', '1976-06-08'),
(2478, 6, '4784085368', 'Apolonia', 'Suárez Ortuño', '1965-12-04'),
(2479, 2, '7237241107', 'Sosimo', 'Arroyo Ordóñez', '2002-08-11'),
(2480, 8, '8741051158', 'Domitila', 'Pizarro Múñiz', '1987-02-18'),
(2481, 5, '4983502741', 'Alejandra', 'Echeverría Zamora', '1962-03-24'),
(2482, 21, '4346642295', 'Fabricio', 'Torrents Crespi', '1960-01-07'),
(2483, 1, '9072086962', 'Guiomar', 'Manrique Salvà', '1970-05-26'),
(2484, 14, '2715594534', 'Álvaro', 'Galvez Ortiz', '1988-06-22'),
(2485, 14, '1214263986', 'Adelaida', 'Villalobos Godoy', '1961-11-08'),
(2486, 2, '953246993', 'María José', 'Páez Salcedo', '1995-04-24'),
(2487, 7, '1594413644', 'Felipa', 'Jara Olivares', '1979-03-24'),
(2488, 4, '5172942586', 'Íñigo', 'Bernad Juan', '1986-04-08'),
(2489, 21, '6360013228', 'Cintia', 'Aranda Royo', '1985-09-06'),
(2490, 26, '7401163899', 'Vinicio', 'Peralta Bayona', '1998-01-31'),
(2491, 10, '433689712', 'Teodoro', 'Mayo Pablo', '1989-03-26'),
(2492, 10, '4490104049', 'Guiomar', 'Pavón Quesada', '1973-12-30'),
(2493, 19, '8576673728', 'Jose Ramón', 'Borrás Vara', '1963-03-21'),
(2494, 17, '7111697508', 'Hugo', 'Collado Alegre', '1962-02-05'),
(2495, 21, '4873511049', 'Benigna', 'Oliva Romero', '1982-06-09'),
(2496, 21, '918814085', 'María Manuela', 'Soria Tapia', '1992-09-13'),
(2497, 9, '3412789131', 'Alejandro', 'Folch Cabezas', '1985-08-27'),
(2498, 9, '6688163907', 'Cándido', 'Cuevas Ricart', '1967-03-24'),
(2499, 30, '5889158905', 'Carla', 'Terrón Corral', '1960-10-02'),
(2500, 19, '3659801424', 'Ernesto', 'Jáuregui Barceló', '1969-04-27'),
(2501, 14, '8392092718', 'Olimpia', 'Manrique Navas', '1981-10-03'),
(2502, 17, '8692047792', 'Bautista', 'Nogués Marqués', '2000-01-13'),
(2503, 21, '4262979827', 'Anunciación', 'Arce Gallardo', '1998-07-20'),
(2504, 23, '7931240755', 'Samu', 'Sedano Gálvez', '1995-04-24'),
(2505, 18, '6485408769', 'Elpidio', 'Menendez Pina', '1966-07-10'),
(2506, 18, '1682458033', 'Albert', 'Francisco Luján', '1976-10-27'),
(2507, 5, '2259805261', 'María Pilar', 'Barranco Amorós', '1961-12-06'),
(2508, 21, '2492211072', 'Lupe', 'Godoy Milla', '1970-08-09'),
(2509, 5, '6936750184', 'Esperanza', 'Gonzalez Alemán', '1993-05-10'),
(2510, 22, '7361013521', 'Curro', 'Río Rey', '1981-04-08'),
(2511, 22, '8548572472', 'Severiano', 'Ponce Corominas', '1994-09-26'),
(2512, 6, '6954399182', 'Jimena', 'Ferreras Palomar', '1966-09-07'),
(2513, 21, '7724272159', 'Faustino', 'Codina Navarro', '1970-06-16'),
(2514, 6, '9995704761', 'Sancho', 'Barba Acosta', '1971-03-10'),
(2515, 10, '547156288', 'Anselmo', 'Castilla Gomez', '1979-06-04'),
(2516, 32, '4462269010', 'Roberto', 'Solé Sanmiguel', '1966-11-04'),
(2517, 6, '5087183460', 'Cayetano', 'Peinado Villena', '1998-04-07'),
(2518, 28, '3163582046', 'Paola', 'Jáuregui Calatayud', '1995-01-18'),
(2519, 2, '4346388237', 'Buenaventura', 'Rey Quevedo', '1989-04-01'),
(2520, 4, '8776527376', 'Candela', 'Cardona Escolano', '1974-09-12'),
(2521, 30, '2487278817', 'Amarilis', 'Águila Marin', '1978-08-21'),
(2522, 22, '2638017707', 'Dalila', 'Pizarro Ferrer', '1988-03-22'),
(2523, 30, '4651009809', 'Enrique', 'Sáez Portillo', '2001-07-04'),
(2524, 28, '7979093169', 'Marcio', 'Mateo Cortés', '1960-11-26'),
(2525, 13, '621686329', 'Nerea', 'Jover Company', '1976-12-24'),
(2526, 19, '7887244209', 'Graciano', 'Bejarano Hidalgo', '1991-04-20'),
(2527, 14, '5303019587', 'Carmelo', 'Marín Pedraza', '1962-09-21'),
(2528, 25, '2289275859', 'Josefa', 'Corominas Pinto', '2006-02-07'),
(2529, 17, '9111866263', 'María Belén', 'Ibarra Rebollo', '1960-05-01'),
(2530, 11, '1645980849', 'Amador', 'Laguna Santos', '1966-03-11'),
(2531, 10, '3196989649', 'Paulina', 'Cal Casares', '1981-05-09'),
(2532, 18, '2573748302', 'Susanita', 'Mateu Torre', '1987-09-28'),
(2533, 3, '5203002330', 'Bernardino', 'Arrieta Giménez', '1977-09-17'),
(2534, 24, '4632087724', 'Ciro', 'Figuerola Baños', '1994-12-27'),
(2535, 8, '445150188', 'Rosa', 'Calleja Miguel', '1960-07-22'),
(2536, 5, '8958974736', 'Juliana', 'Guardiola Crespi', '1981-04-27'),
(2537, 20, '2732376123', 'Victor', 'Abril Menendez', '1981-02-11'),
(2538, 20, '1934607673', 'Ani', 'Paniagua Ribas', '1959-12-27'),
(2539, 7, '5954508052', 'Cornelio', 'Marti Vaquero', '1991-02-11'),
(2540, 27, '2261588405', 'Bruno', 'Almeida Figuerola', '1967-01-05'),
(2541, 10, '7762037121', 'María Carmen', 'Porta Llabrés', '1981-04-23'),
(2542, 4, '2034960905', 'María Cristina', 'Corominas Seco', '1982-03-23'),
(2543, 22, '4529698639', 'Lucila', 'Leal Amores', '1975-01-13'),
(2544, 8, '6226558411', 'Juan', 'Zapata Sandoval', '1960-02-24'),
(2545, 9, '986427235', 'Emelina', 'Campillo Granados', '1986-08-26'),
(2546, 6, '1240947236', 'Gilberto', 'Quiroga Mas', '1964-09-17'),
(2547, 2, '1654886661', 'Jacobo', 'Diez Roldan', '1990-07-31'),
(2548, 21, '1505785041', 'Berto', 'Arroyo Oliveras', '1993-03-01'),
(2549, 18, '1703287158', 'Chucho', 'Arce Bertrán', '1961-09-19'),
(2550, 24, '6882945814', 'Fidela', 'Márquez Marquez', '1987-08-05'),
(2551, 4, '3379303622', 'Fito', 'Montserrat Gonzalez', '1986-11-08'),
(2552, 23, '4455821751', 'Luis', 'Almazán Barriga', '1979-01-04'),
(2553, 23, '6188241846', 'Azahar', 'Páez Simó', '2000-09-08'),
(2554, 4, '6706293552', 'Matilde', 'Villena Llabrés', '1994-07-08'),
(2555, 29, '9673664924', 'Buenaventura', 'Solsona Albero', '2004-02-07'),
(2556, 22, '5353489347', 'Nuria', 'Campillo Amaya', '1963-07-17'),
(2557, 19, '2012343864', 'Marisa', 'Bello Sales', '1992-12-26'),
(2558, 32, '9543088911', 'Alicia', 'Millán Menendez', '2000-06-02'),
(2559, 25, '4453761971', 'Belén', 'Calderón Cano', '1964-12-03'),
(2560, 2, '1899877710', 'Consuela', 'Rocha Azorin', '1962-05-19'),
(2561, 10, '9784072898', 'Amado', 'Domínguez Buendía', '1978-02-19'),
(2562, 27, '5525965127', 'Chema', 'Palacios Múñiz', '2000-03-05'),
(2563, 13, '6111197570', 'Lino', 'Gordillo Guerra', '1975-10-09'),
(2564, 1, '6523981635', 'Gracia', 'Ramírez Noriega', '1985-05-07'),
(2565, 14, '4037798344', 'Jenaro', 'Canales Tenorio', '2006-02-24'),
(2566, 27, '9496670472', 'Joaquín', 'Palomino Hervás', '1959-12-25'),
(2567, 30, '3251854087', 'María', 'Escolano Planas', '2002-07-12'),
(2568, 7, '1494578356', 'Loida', 'Polo Cantón', '2001-08-21'),
(2569, 10, '7866111139', 'Jonatan', 'Calleja Santos', '1974-08-17'),
(2570, 13, '8027522423', 'María Carmen', 'Roma Cortes', '1978-06-23'),
(2571, 5, '6470655014', 'Liliana', 'Cornejo Ferrández', '1998-01-05'),
(2572, 6, '7828364837', 'Raquel', 'Zorrilla Peñalver', '1982-04-28'),
(2573, 20, '2670327775', 'Rosenda', 'Tello Pons', '1997-07-22'),
(2574, 10, '4692203566', 'Judith', 'Bermudez Hernández', '1978-07-04'),
(2575, 25, '2476078471', 'Máxima', 'Casanova Tirado', '2001-05-02'),
(2576, 27, '5972224708', 'Anastasio', 'Ros Aguado', '1984-10-02'),
(2577, 29, '2753434400', 'Ale', 'Granados Montenegro', '1991-05-15'),
(2578, 21, '2609299748', 'Diego', 'Carrión Pont', '1969-03-02'),
(2579, 25, '1455998988', 'Rubén', 'Expósito Peláez', '1977-10-16'),
(2580, 21, '5983511846', 'Salvador', 'Gallardo Samper', '1960-12-15'),
(2581, 30, '9861118788', 'Eusebia', 'Mosquera Palomo', '1992-12-19'),
(2582, 30, '3753505243', 'Elena', 'Gámez Iglesia', '2004-11-26'),
(2583, 10, '4863278531', 'Josefa', 'Cabeza Prats', '1986-12-12'),
(2584, 27, '4943144151', 'Modesto', 'Cases Ballesteros', '1982-04-20'),
(2585, 2, '8692384914', 'Ámbar', 'Durán Porras', '1963-07-18'),
(2586, 10, '30442658', 'Griselda', 'Bernat Cantero', '2005-04-19'),
(2587, 26, '237867213', 'Olimpia', 'Morillo Rodrigo', '1964-12-01'),
(2588, 18, '1783606111', 'Raquel', 'Segura Fernández', '1998-02-16'),
(2589, 30, '2208772899', 'Emilio', 'Bonilla Guardia', '1959-12-24'),
(2590, 14, '8791277429', 'Manola', 'Vigil Chaves', '2004-06-23'),
(2591, 7, '3280416637', 'Bernarda', 'Mateo Perez', '1998-11-20'),
(2592, 14, '2682179086', 'María Cristina', 'Quirós Tejera', '1968-08-05'),
(2593, 22, '9434506197', 'Isaías', 'Beltrán Barriga', '1977-11-03'),
(2594, 11, '7152454257', 'Benigna', 'Casanovas Uribe', '2005-11-30'),
(2595, 14, '8499836564', 'Eusebia', 'Hierro Rey', '1984-08-01'),
(2596, 30, '8458625008', 'Luciana', 'Rius Becerra', '2001-02-15'),
(2597, 29, '594865314', 'Calixto', 'Cerdán Chaves', '1961-04-28'),
(2598, 12, '1763774297', 'Maricela', 'Bilbao Zorrilla', '1986-12-15'),
(2599, 4, '7825204457', 'Domingo', 'Terrón Planas', '1964-03-11'),
(2600, 30, '3082858906', 'Patricia', 'Andres Cortés', '1972-10-18'),
(2601, 29, '6070764459', 'María Cristina', 'Carnero Rubio', '2001-03-28'),
(2602, 6, '5320329899', 'Antonia', 'Fajardo Moliner', '2002-06-22'),
(2603, 28, '4578940272', 'Rebeca', 'Sevillano Rovira', '1978-07-15'),
(2604, 14, '1047191259', 'Jafet', 'Bauzà Gracia', '2004-09-17'),
(2605, 21, '1474416790', 'Modesta', 'Company Quesada', '1990-10-21'),
(2606, 29, '3914902749', 'Gabino', 'Pintor Hernandez', '1991-04-10'),
(2607, 10, '6799677793', 'Elodia', 'Montesinos Dalmau', '1972-08-02'),
(2608, 30, '1344416323', 'Victoria', 'Ribas Jimenez', '1977-06-18'),
(2609, 21, '9883942862', 'Aurora', 'Lopez Hurtado', '2002-10-02'),
(2610, 11, '6623391799', 'Anunciación', 'Carbajo Carmona', '1964-12-15'),
(2611, 20, '4170813887', 'Ismael', 'Arteaga Rojas', '1977-06-02'),
(2612, 3, '8694337425', 'Laura', 'Vizcaíno Amat', '1981-09-14'),
(2613, 27, '6708432261', 'Alejandra', 'Blázquez Múgica', '1981-06-26'),
(2614, 5, '7312098137', 'Dorotea', 'Barba Pont', '1971-04-03'),
(2615, 25, '7645036389', 'Bernarda', 'Tejero Azorin', '1971-08-01'),
(2616, 8, '8256191350', 'Corona', 'Cabañas Cornejo', '1960-12-20'),
(2617, 18, '5305919104', 'Florentino', 'Carnero Revilla', '1972-01-18'),
(2618, 17, '8446593289', 'Ruperto', 'Alsina Gascón', '1969-10-24'),
(2619, 6, '5112135524', 'Apolonia', 'Martinez Belmonte', '1996-04-25'),
(2620, 7, '3420099830', 'Gabino', 'Montenegro Ocaña', '2004-08-31'),
(2621, 22, '6398237989', 'María Luisa', 'Gordillo Sarabia', '1998-10-08'),
(2622, 12, '9429881435', 'Paulina', 'Palomar Torrijos', '1999-04-15'),
(2623, 7, '1487161259', 'Cintia', 'Coll Iñiguez', '1990-08-13'),
(2624, 6, '9747137697', 'Che', 'Beltrán Baró', '1992-07-10'),
(2625, 6, '2900874598', 'Rosendo', 'Sarmiento Albero', '1974-10-04'),
(2626, 6, '1828352647', 'Pedro', 'Pozo Sierra', '1989-03-25'),
(2627, 28, '446989943', 'Felipe', 'Patiño Manzanares', '1970-10-22'),
(2628, 27, '881697920', 'Américo', 'Alcaraz Arnau', '1984-06-29'),
(2629, 24, '1070497915', 'Manuelita', 'Verdejo Coll', '1999-03-26'),
(2630, 2, '4140380028', 'Eusebia', 'Iriarte Chaparro', '1994-09-08'),
(2631, 4, '2002904954', 'Violeta', 'Donoso Cano', '1962-07-28'),
(2632, 13, '8108795342', 'Isabela', 'Vélez Zamorano', '1973-09-09'),
(2633, 31, '357446707', 'Fanny', 'Sainz Gras', '1988-12-08'),
(2634, 2, '8510863708', 'María Belén', 'Manso Oller', '1970-01-22'),
(2635, 2, '789810148', 'Agustina', 'Cañellas Agudo', '1964-04-03'),
(2636, 22, '6945746933', 'Ramona', 'Alsina Marquez', '1969-04-08'),
(2637, 30, '6634736553', 'José Luis', 'Baños Rueda', '2006-04-19'),
(2638, 2, '3077215032', 'Amelia', 'Ropero Gallart', '2002-09-18'),
(2639, 13, '5993884300', 'Blas', 'Crespo Morán', '1983-12-13'),
(2640, 2, '1426001805', 'Isaura', 'Aliaga Alfaro', '1984-08-17'),
(2641, 13, '3801053993', 'Anacleto', 'Vilanova Cardona', '2001-12-24'),
(2642, 27, '9893777475', 'Brígida', 'Jaén Castells', '1968-08-29'),
(2643, 32, '742678111', 'Jenny', 'Asenjo Alberto', '1974-03-04'),
(2644, 6, '1796763439', 'Vito', 'Cañizares Castelló', '1976-04-08'),
(2645, 2, '1384005098', 'Fabio', 'Ángel Gual', '1960-02-02'),
(2646, 30, '9407699201', 'Lalo', 'Cisneros Llobet', '1973-05-02'),
(2647, 11, '8571743769', 'Natalio', 'Fuentes Carbó', '1989-06-24'),
(2648, 4, '2603371504', 'Salomé', 'Ricart Prieto', '1974-12-10'),
(2649, 5, '4827405278', 'Priscila', 'Roldan Pol', '1997-11-16'),
(2650, 5, '7198628470', 'Agapito', 'Ibarra Fábregas', '1959-12-29'),
(2651, 3, '5386916142', 'León', 'Iriarte Baró', '1961-03-06'),
(2652, 21, '1673039147', 'Tristán', 'Portillo Laguna', '1999-05-21'),
(2653, 28, '1994186700', 'Américo', 'Madrigal Manrique', '1982-06-10'),
(2654, 25, '2372192211', 'Cornelio', 'Mur Bustamante', '1993-03-24'),
(2655, 19, '6043950092', 'Eric', 'Rey Domínguez', '1994-12-28'),
(2656, 2, '8605366115', 'Efraín', 'Marqués Báez', '1967-12-30'),
(2657, 17, '1540453562', 'Maximino', 'Alfaro Raya', '2001-10-06'),
(2658, 19, '7323259253', 'Conrado', 'Ferrero Carvajal', '1982-05-06'),
(2659, 19, '3592556599', 'Leandra', 'Muñoz Perales', '1970-10-08'),
(2660, 7, '2998449374', 'Josefina', 'Cánovas Cañas', '2004-11-07'),
(2661, 27, '4501100827', 'Anita', 'Ferrando Sarmiento', '2003-12-27'),
(2662, 19, '1306360124', 'Pancho', 'Linares Barceló', '1980-09-21'),
(2663, 18, '1737708959', 'Noé', 'Fiol Pascual', '1963-01-28'),
(2664, 30, '3313946500', 'Chucho', 'Carmona Murcia', '1970-09-22'),
(2665, 13, '7804262046', 'Miguel', 'Velázquez Rozas', '1972-04-02'),
(2666, 32, '6283566543', 'Julie', 'Elorza Quesada', '1962-08-23'),
(2667, 24, '949398551', 'Victor', 'Llorente Alfonso', '1976-02-02'),
(2668, 14, '4380317118', 'Violeta', 'Palmer Vera', '1960-05-15'),
(2669, 22, '6841921133', 'Desiderio', 'Rosales Bauzà', '1980-12-15'),
(2670, 24, '563698627', 'Emelina', 'Gimeno Pedro', '1982-04-01'),
(2671, 14, '7594220618', 'Gertrudis', 'Pastor Escrivá', '1962-12-21'),
(2672, 27, '9990029427', 'Nadia', 'Osorio Ramírez', '1990-01-14'),
(2673, 20, '5674404144', 'Ana Sofía', 'Borja Campo', '2006-03-18'),
(2674, 10, '2354724328', 'Alejandro', 'Mayoral Muñoz', '1991-09-22'),
(2675, 29, '4908271575', 'Sandra', 'Ibáñez Morcillo', '2006-05-12'),
(2676, 29, '447019896', 'Roque', 'Abascal Palacios', '1996-01-02'),
(2677, 22, '6744989038', 'Viviana', 'Arias Canales', '1983-08-15'),
(2678, 19, '4141467860', 'Gerardo', 'Carnero Fuertes', '1973-08-08'),
(2679, 30, '7631522247', 'Benjamín', 'Aguilera Vilaplana', '1973-03-20'),
(2680, 5, '5464463687', 'Toribio', 'Bejarano Castillo', '2005-08-07'),
(2681, 26, '976165691', 'Jacinta', 'Valcárcel Lucas', '1986-06-18'),
(2682, 7, '3876224572', 'Manu', 'Caro Hoz', '1998-11-02'),
(2683, 30, '7039671116', 'Crescencia', 'Castañeda Soler', '1967-01-19'),
(2684, 7, '8285079136', 'Josefa', 'Prada Atienza', '1974-11-21'),
(2685, 25, '9497219240', 'Inés', 'Torralba Vives', '2005-12-09'),
(2686, 23, '3559365646', 'Armida', 'Pavón Vigil', '1986-11-18'),
(2687, 9, '9040534175', 'María Teresa', 'Jordá Guitart', '1999-01-19'),
(2688, 4, '6302484991', 'Josefina', 'Herrero Azcona', '1998-07-31'),
(2689, 5, '8626669076', 'Adalberto', 'Sosa Gálvez', '1993-09-05'),
(2690, 28, '6817768877', 'Encarnación', 'Martinez Lloret', '1981-03-03'),
(2691, 29, '7127273136', 'Ruth', 'Menendez Lluch', '1967-05-28'),
(2692, 27, '4480573764', 'Samuel', 'Domínguez Rojas', '1969-02-10'),
(2693, 4, '5769686489', 'Francisca', 'Guerra Martorell', '1990-08-25'),
(2694, 11, '7861270176', 'Clementina', 'Canales Portillo', '1962-01-02'),
(2695, 23, '7445866403', 'Josep', 'Nogueira Villalba', '1974-02-20'),
(2696, 29, '6509987993', 'Eugenia', 'Balaguer Sevilla', '2001-02-17'),
(2697, 11, '6138338471', 'Antonia', 'Miralles Sanjuan', '1994-06-04'),
(2698, 7, '3248403569', 'Ágata', 'Valdés Murcia', '1988-03-31'),
(2699, 29, '4604391172', 'Albina', 'Zorrilla Mendoza', '1974-09-26'),
(2700, 18, '8551204879', 'Inés', 'Arias Torrijos', '1974-03-22'),
(2701, 21, '2877301545', 'Noelia', 'Solano Solana', '1986-04-18'),
(2702, 11, '5125206722', 'Gema', 'Amigó Acedo', '1993-05-15'),
(2703, 26, '5230892252', 'Dalila', 'Crespi Comas', '1972-11-16'),
(2704, 11, '9437637682', 'Leonor', 'Vallejo Montoya', '1979-02-14'),
(2705, 13, '58643675', 'Vera', 'Fajardo Rebollo', '1999-06-23'),
(2706, 20, '1460579054', 'Casandra', 'Mínguez Aroca', '1972-08-22'),
(2707, 4, '962967421', 'María Del Carmen', 'Chacón Pozo', '1981-05-02'),
(2708, 27, '839955747', 'Álvaro', 'Gárate Mir', '2005-07-22'),
(2709, 5, '7348410724', 'Nydia', 'Carrera López', '2002-04-18'),
(2710, 30, '1934841169', 'Juan Francisco', 'Baeza Fabra', '1969-05-26'),
(2711, 5, '4160014725', 'Jose Luis', 'Leal Toledo', '1993-01-20'),
(2712, 30, '4616387964', 'Teobaldo', 'Murcia Aragonés', '1999-09-19'),
(2713, 5, '9633721797', 'Pepe', 'Mir Pedro', '1983-05-08'),
(2714, 7, '7279371276', 'Ariel', 'Comas Arco', '1962-09-06'),
(2715, 12, '1765546261', 'Adoración', 'Infante Beltrán', '1973-02-18'),
(2716, 29, '5622834251', 'Mónica', 'Palomo Lledó', '1991-11-20'),
(2717, 29, '7727485493', 'Dan', 'Cuesta Campos', '1997-05-23'),
(2718, 23, '2421152323', 'Áurea', 'Buendía Coloma', '1992-05-25'),
(2719, 2, '6092307881', 'Amor', 'Río Quirós', '1966-12-06'),
(2720, 20, '3891784698', 'Florentino', 'Conde Gálvez', '2004-07-20'),
(2721, 10, '4408417613', 'Rolando', 'Marti Luque', '1988-06-04'),
(2722, 22, '1514839907', 'Hilda', 'Acosta Jerez', '1985-02-20'),
(2723, 8, '5882888979', 'Obdulia', 'Nieto Méndez', '1963-05-15'),
(2724, 24, '1751873919', 'Julieta', 'Méndez Romero', '1960-05-06'),
(2725, 5, '6441258634', 'Amanda', 'Mesa Gascón', '1975-09-09'),
(2726, 25, '2775261858', 'Amarilis', 'Redondo Feliu', '1999-02-17'),
(2727, 23, '4560037324', 'Irene', 'Reig Aranda', '1961-11-19'),
(2728, 12, '2231444194', 'Joaquina', 'Hidalgo Páez', '1998-05-20'),
(2729, 21, '8417667127', 'Tania', 'Alemany Espejo', '2006-07-21'),
(2730, 7, '789249949', 'Bernabé', 'Saldaña Perera', '1982-11-03'),
(2731, 32, '2905693943', 'Salvador', 'Calvet Seco', '2001-02-05'),
(2732, 21, '4454423190', 'Fernanda', 'Sevilla Alvarez', '1964-06-18'),
(2733, 11, '8401753697', 'Irene', 'Campos Duque', '1962-07-12'),
(2734, 21, '239731928', 'Daniela', 'Gallardo Iriarte', '1980-12-11'),
(2735, 17, '2626808037', 'Zacarías', 'Rubio Tamarit', '1971-01-11'),
(2736, 30, '3918575662', 'Roberto', 'Esparza Benavent', '1997-05-28'),
(2737, 2, '2787663246', 'Itziar', 'Gámez Guardia', '1999-12-02'),
(2738, 27, '8901612246', 'Débora', 'Criado Pina', '2004-01-17'),
(2739, 22, '2617354206', 'Daniel', 'Acedo Navas', '1975-02-28'),
(2740, 30, '4401871285', 'Che', 'Cuervo Duran', '1988-05-02'),
(2741, 10, '2401855700', 'Soledad', 'Codina Vicente', '1975-10-06'),
(2742, 22, '7096865506', 'Victor', 'Losa Espada', '1990-10-16'),
(2743, 27, '3347513884', 'Maximiano', 'Macias Morante', '1993-04-22'),
(2744, 6, '624030165', 'Salomón', 'Ferrer Contreras', '1970-09-13'),
(2745, 2, '3189023927', 'Cebrián', 'Diego Robles', '1999-02-26'),
(2746, 14, '2376861895', 'Valeria', 'Manuel Jordán', '1988-03-14'),
(2747, 20, '7317286131', 'Pío', 'Vaquero Morante', '1969-03-29'),
(2748, 28, '5457837137', 'Sebastian', 'Alberto Riera', '1961-03-21'),
(2749, 21, '7072661703', 'Soraya', 'Lara Sacristán', '1970-06-27'),
(2750, 21, '1471633014', 'Porfirio', 'Serra Gelabert', '1990-09-22'),
(2751, 22, '6657681640', 'Jordana', 'Iglesia Soria', '1993-07-26'),
(2752, 27, '6598541862', 'Alberto', 'Sala Acevedo', '2001-02-18'),
(2753, 29, '5465709297', 'Maximino', 'Tejero Solé', '1991-01-27'),
(2754, 5, '1863914175', 'Erasmo', 'Vilaplana Vall', '2001-03-06'),
(2755, 10, '3956866299', 'Caridad', 'Medina Cortina', '1987-01-15'),
(2756, 21, '2243917174', 'Natalia', 'Cerezo Vila', '1969-11-15'),
(2757, 8, '8132867823', 'Jacinta', 'Belda Pina', '1977-05-24'),
(2758, 19, '4808329089', 'Amando', 'Abella Noguera', '1973-03-23'),
(2759, 30, '8013063506', 'Carlito', 'Villalobos Rodrigo', '1962-02-28'),
(2760, 16, '5732445035', 'Luisina', 'Puga Villalba', '1960-08-12'),
(2761, 6, '3414062980', 'Carlito', 'Querol Pineda', '1980-09-10'),
(2762, 21, '8587602188', 'Ruth', 'Pedro Baró', '1969-09-19'),
(2763, 2, '2249260306', 'Tomasa', 'Casal Dávila', '1977-10-04'),
(2764, 6, '9163468001', 'Isidora', 'Paniagua Gárate', '1985-04-13'),
(2765, 25, '1159885799', 'Pili', 'Pujadas Alemán', '1965-08-30'),
(2766, 20, '7219468565', 'Cayetana', 'Aller Yuste', '1989-11-02'),
(2767, 11, '3017005310', 'Adriana', 'Abella Vilar', '2006-07-09'),
(2768, 4, '6014612828', 'Salud', 'Calderon Pedraza', '1971-07-03'),
(2769, 6, '4464230177', 'Adelia', 'Calderón Ballesteros', '1991-12-20'),
(2770, 18, '7846949166', 'Bautista', 'López Gonzalo', '1975-03-15'),
(2771, 6, '5924078888', 'Juana', 'Cordero Marin', '1987-12-14'),
(2772, 6, '8947436896', 'Balduino', 'Morán Bautista', '1966-02-16'),
(2773, 18, '3973505712', 'Aurelio', 'Somoza Azcona', '1967-02-13'),
(2774, 14, '7459968369', 'Amaro', 'Egea Albero', '1985-03-23'),
(2775, 25, '206438636', 'Pablo', 'Malo Sáenz', '1971-01-08'),
(2776, 10, '9576246038', 'Isabela', 'Echevarría Aparicio', '1965-06-20'),
(2777, 8, '2897304475', 'Estefanía', 'Sosa Pastor', '2002-05-20'),
(2778, 2, '6328080348', 'Flora', 'Serna Múgica', '2003-06-13'),
(2779, 2, '6868280216', 'Modesto', 'Sanmiguel Mendoza', '1977-03-17'),
(2780, 13, '5012219491', 'Eutropio', 'Pla Jordá', '2005-06-01'),
(2781, 4, '2785055092', 'Basilio', 'Lucena Blanco', '1987-06-02'),
(2782, 24, '1220687464', 'Paco', 'Galván Saez', '1979-09-30'),
(2783, 20, '1573624375', 'Valentina', 'Expósito Gómez', '1991-02-07'),
(2784, 4, '3295744713', 'Ruperta', 'Saldaña Roda', '1986-10-22'),
(2785, 13, '6216057509', 'Bibiana', 'Cardona Peñas', '1960-03-22'),
(2786, 25, '5670347401', 'Anabel', 'Borrego Seco', '1980-05-22'),
(2787, 29, '9871014520', 'Loreto', 'Portillo Villalonga', '1994-07-17'),
(2788, 14, '4633585918', 'Leandro', 'Arana Villalba', '1963-11-12'),
(2789, 30, '1721284403', 'Loreto', 'Arrieta Pagès', '1990-02-14'),
(2790, 23, '5392296197', 'Natalio', 'Amor Rueda', '1974-02-15'),
(2791, 2, '5079474654', 'Raúl', 'Hervia Molins', '1969-10-14'),
(2792, 19, '8478326772', 'Maite', 'Canales Cabanillas', '1967-10-30'),
(2793, 17, '8978754431', 'Baudelio', 'Villegas Peral', '1964-09-18'),
(2794, 29, '5369934500', 'Inés', 'Rodrigo Vidal', '2001-05-20'),
(2795, 14, '9970796773', 'Iván', 'Daza Benito', '1976-05-31'),
(2796, 29, '6772626503', 'Desiderio', 'Vall Gallego', '1963-06-16'),
(2797, 20, '2982625756', 'Florina', 'Llopis Aguirre', '1962-08-11'),
(2798, 10, '3799971222', 'Eusebio', 'Riquelme Landa', '1970-06-08'),
(2799, 22, '4004745577', 'Adán', 'Nadal Mármol', '1980-01-27'),
(2800, 14, '8277390942', 'África', 'Cal Chico', '1964-04-07'),
(2801, 15, '7749690460', 'Adoración', 'Jaume Losada', '1990-04-21'),
(2802, 7, '5605134615', 'Adelardo', 'Mariño Díaz', '1999-08-18'),
(2803, 13, '4740328129', 'Lorena', 'Iniesta Sánchez', '1972-02-28'),
(2804, 19, '4641159106', 'Tito', 'Bermudez Sedano', '1972-05-11'),
(2805, 20, '6438312713', 'Blanca', 'Asenjo Linares', '1983-04-25'),
(2806, 14, '3438592573', 'Ester', 'Escrivá Roda', '1990-03-31'),
(2807, 12, '7898126223', 'Estefanía', 'Vara Villegas', '2004-01-24'),
(2808, 14, '6952088903', 'Dolores', 'Zamorano Serra', '1991-12-03'),
(2809, 12, '5715067679', 'León', 'Mur Vilalta', '1977-06-14'),
(2810, 4, '8089474929', 'Marta', 'Mariño Bayón', '1975-12-05'),
(2811, 3, '1192432916', 'David', 'Cerdán Garcés', '1988-03-14'),
(2812, 14, '3938223972', 'Jessica', 'Moya Royo', '1972-04-12'),
(2813, 7, '7281599450', 'Nazaret', 'Baró Gallardo', '1976-12-26'),
(2814, 30, '9660222089', 'Elisa', 'Amores Cantero', '1970-04-27'),
(2815, 5, '7904012122', 'Prudencia', 'Álvarez Macías', '1979-12-11'),
(2816, 30, '5336072226', 'Loida', 'Olmedo Ramírez', '1967-12-25'),
(2817, 14, '5841762657', 'Casandra', 'Quesada Cerdán', '1968-11-24'),
(2818, 22, '3849399149', 'Obdulia', 'Solana Anaya', '2004-08-14'),
(2819, 30, '6094067158', 'Encarna', 'Iniesta Villegas', '1961-12-15'),
(2820, 27, '8016079635', 'Jesús', 'Calatayud Pinedo', '1962-04-14'),
(2821, 32, '9153948270', 'Eladio', 'Sancho Marí', '1976-04-24'),
(2822, 4, '1065477404', 'Ignacio', 'Sacristán Echeverría', '2004-03-01'),
(2823, 29, '8196686397', 'Borja', 'Riba Cáceres', '1979-03-29'),
(2824, 30, '5575947655', 'Salud', 'Ortuño Ripoll', '1972-09-10'),
(2825, 2, '3700446890', 'Nerea', 'Calzada Castillo', '2002-06-18'),
(2826, 17, '328556143', 'Candelaria', 'Alcaraz Tur', '1996-12-13'),
(2827, 10, '3639709642', 'Cecilia', 'Torrents Asenjo', '1986-10-13'),
(2828, 30, '1787550016', 'Melchor', 'Martín Oliver', '2002-04-06'),
(2829, 5, '6018708950', 'Jesús', 'Otero Roselló', '1982-02-01'),
(2830, 26, '1273250728', 'Azeneth', 'Andrade Dalmau', '2002-08-30'),
(2831, 6, '5050969978', 'Emilio', 'Benitez Donoso', '2004-12-30'),
(2832, 25, '6615514455', 'Toribio', 'Armengol Molina', '2001-08-22'),
(2833, 4, '5465384067', 'Dolores', 'Zorrilla Menéndez', '1971-11-05'),
(2834, 27, '3824931714', 'Jimena', 'Macías Sanchez', '1962-05-06'),
(2835, 11, '1410203410', 'Arsenio', 'Herrera Bernad', '2005-06-24'),
(2836, 30, '2897006078', 'Ofelia', 'Seguí Bou', '1971-04-20'),
(2837, 18, '9490194872', 'Feliciano', 'Alegria Galiano', '1989-05-02'),
(2838, 5, '8352187634', 'Azeneth', 'Rubio Marcos', '1968-07-10'),
(2839, 13, '7677889851', 'Úrsula', 'Terrón Porras', '1969-02-28'),
(2840, 20, '1451373229', 'Adriana', 'Cobo Ángel', '1991-05-22'),
(2841, 2, '7468007531', 'Ambrosio', 'Hervia Conde', '1960-04-28'),
(2842, 2, '8215277912', 'Vidal', 'Gonzalo Leiva', '1989-09-04'),
(2843, 4, '4165900357', 'Mar', 'Aguilar Ramos', '1972-04-12'),
(2844, 27, '5247866919', 'Felicia', 'Oliver Pedrosa', '1992-07-31'),
(2845, 23, '5337432610', 'Tatiana', 'Rodríguez Durán', '1973-01-08'),
(2846, 2, '7899384457', 'Angelina', 'Arce Barba', '1977-03-24'),
(2847, 18, '1419880360', 'Norberto', 'Palacios Soriano', '1974-10-02'),
(2848, 6, '1985486830', 'Marcia', 'Castañeda Domínguez', '1997-05-16'),
(2849, 27, '3915291180', 'Mateo', 'Cárdenas Iñiguez', '1962-09-26'),
(2850, 2, '4170235520', 'Natanael', 'Nogués Nebot', '1979-08-27'),
(2851, 20, '8195836142', 'Azahar', 'Gisbert Sandoval', '1991-01-27'),
(2852, 25, '2788460375', 'Lázaro', 'Calvet Calleja', '1988-03-05'),
(2853, 10, '4591966483', 'Modesta', 'Robledo Machado', '1987-02-05'),
(2854, 29, '1976693115', 'Belén', 'Portillo Nuñez', '1985-10-05'),
(2855, 25, '2614441748', 'Manuel', 'Lopez Villa', '2005-07-27'),
(2856, 21, '9726196980', 'Hilda', 'Rosado Valera', '1975-06-06'),
(2857, 2, '890042176', 'Leonor', 'Escalona Bejarano', '2006-11-01'),
(2858, 30, '4995196469', 'Candelas', 'Murillo Ortuño', '1996-04-12'),
(2859, 17, '7256226076', 'Ambrosio', 'Alarcón Rocha', '1970-11-24'),
(2860, 4, '9617084281', 'Encarnacion', 'Juárez Milla', '1999-07-19'),
(2861, 30, '4980701214', 'Leonardo', 'Antón Torrents', '1987-12-21'),
(2862, 30, '8693140272', 'Catalina', 'Moraleda Fábregas', '1963-12-03'),
(2863, 29, '365687513', 'Lina', 'Arévalo Gomis', '1976-07-24'),
(2864, 7, '8714213132', 'Desiderio', 'Hernández Vargas', '1993-11-02'),
(2865, 14, '7555735677', 'Ernesto', 'Goicoechea Huguet', '1984-02-10'),
(2866, 17, '2682440412', 'Miguel Ángel', 'Benitez Arenas', '1996-09-12'),
(2867, 2, '2893341441', 'Demetrio', 'Paz Gil', '1973-12-17'),
(2868, 31, '6257914651', 'Pilar', 'Figueroa Moreno', '1987-05-15'),
(2869, 5, '1968745166', 'Efraín', 'Sandoval Tudela', '1971-03-04'),
(2870, 14, '1979152311', 'Melchor', 'Piquer Paz', '2001-04-12'),
(2871, 10, '6962120211', 'Óscar', 'Marqués Osuna', '1993-07-22'),
(2872, 4, '6743280632', 'Quirino', 'Amigó Noriega', '1981-12-16'),
(2873, 18, '9620685907', 'Eva', 'Pombo Cañete', '1998-03-21'),
(2874, 22, '4651358720', 'Darío', 'Mas Vilaplana', '1984-09-13'),
(2875, 28, '8909079298', 'Jacobo', 'Ochoa Cueto', '2006-10-30'),
(2876, 14, '1344078337', 'Mamen', 'Pedraza Clemente', '1964-02-04'),
(2877, 14, '8342562589', 'Tere', 'Ávila Valle', '1971-01-21'),
(2878, 2, '4614108739', 'Florentina', 'Millán Bárcena', '1964-06-17'),
(2879, 5, '3048420548', 'Cirino', 'Marí Perelló', '1993-05-03'),
(2880, 28, '9858651648', 'Manolo', 'Montenegro Company', '1963-12-25'),
(2881, 29, '3452427939', 'Apolinar', 'Cerdá Sáenz', '2002-10-24'),
(2882, 5, '5420579726', 'Hermenegildo', 'Amigó Vilalta', '1997-02-10'),
(2883, 18, '4902690359', 'Baudelio', 'Fabregat Pareja', '2006-05-22'),
(2884, 28, '3686125817', 'Francisco Jose', 'Bravo Domingo', '1979-04-04'),
(2885, 6, '1227204801', 'Maite', 'Duran Fonseca', '1989-08-07'),
(2886, 8, '5298063721', 'Fidela', 'Alonso Iglesia', '1966-01-14'),
(2887, 4, '3077556665', 'Pacífica', 'Arias Pardo', '2004-10-23'),
(2888, 23, '5002631803', 'Ale', 'Molins Barriga', '1961-09-22'),
(2889, 21, '7805241695', 'Ema', 'Iriarte Borrego', '1969-03-03'),
(2890, 17, '2814955011', 'Vera', 'Correa Morcillo', '1980-06-24'),
(2891, 5, '1746489625', 'Chema', 'Bonet Carbonell', '1973-10-10'),
(2892, 14, '7730581264', 'Manu', 'Guijarro Juárez', '1994-01-29'),
(2893, 25, '7344618911', 'Ainara', 'Bayona Franch', '1974-06-25'),
(2894, 19, '6277870861', 'Carina', 'Ricart Bonet', '1972-07-12'),
(2895, 3, '2119861933', 'Luis Ángel', 'Castells Carmona', '1967-10-28'),
(2896, 3, '647411821', 'María Teresa', 'Dalmau Boix', '1973-10-06'),
(2897, 28, '2158224494', 'Jacobo', 'Ariza Briones', '1979-08-18'),
(2898, 21, '9901254167', 'Andrés', 'Cánovas Zaragoza', '2000-11-19'),
(2899, 30, '8807858188', 'Caridad', 'Álvarez Becerra', '1999-04-04'),
(2900, 29, '6065217872', 'Nydia', 'Palomo Cruz', '1972-09-15'),
(2901, 2, '2457920170', 'Inmaculada', 'Araujo Vilalta', '1970-05-19'),
(2902, 28, '8891027416', 'Isaac', 'Fernandez Montesinos', '1986-08-11'),
(2903, 20, '2990114705', 'Ciríaco', 'Salamanca Cordero', '1975-10-14'),
(2904, 21, '7560754503', 'Socorro', 'Pujadas Torrijos', '1963-07-24'),
(2905, 2, '8554291576', 'Ángela', 'Bayón Tomé', '1965-09-07'),
(2906, 15, '2814039537', 'Jessica', 'Briones Cardona', '1994-05-05'),
(2907, 19, '6352830471', 'Andrés Felipe', 'Montesinos Andrés', '1967-07-09'),
(2908, 5, '9617195194', 'Hernán', 'Cuenca Alsina', '1976-11-03'),
(2909, 30, '7726701998', 'Dora', 'Pedro Ropero', '1961-10-15'),
(2910, 4, '8410188637', 'Carmelo', 'Jaén Vives', '1992-03-14'),
(2911, 13, '7601863367', 'Onofre', 'Barco Valcárcel', '1990-10-10'),
(2912, 2, '3020889880', 'Pepito', 'Segovia Cornejo', '1975-04-13'),
(2913, 24, '3205704025', 'Desiderio', 'Prado Amo', '1973-03-22'),
(2914, 14, '7138824133', 'Felisa', 'Vara Benítez', '1966-03-19'),
(2915, 10, '3303573261', 'Maximiano', 'Sabater Anguita', '1972-09-07'),
(2916, 29, '3313507729', 'Benito', 'Rodriguez Pujol', '1991-04-24'),
(2917, 14, '97538346', 'Onofre', 'Lucas Quevedo', '2000-07-14'),
(2918, 6, '8451843096', 'Régulo', 'Higueras Cerro', '1976-10-04'),
(2919, 30, '9527096625', 'Íñigo', 'Barranco Andres', '1993-06-15'),
(2920, 28, '9054198858', 'Isa', 'Monreal Yáñez', '1960-07-02'),
(2921, 28, '3355876560', 'Cruz', 'Valbuena Bastida', '1978-07-25'),
(2922, 2, '2817345493', 'Celia', 'Rivero Figuerola', '1976-11-19'),
(2923, 2, '784285471', 'Marc', 'Garriga Anglada', '1987-07-16'),
(2924, 29, '6403453166', 'Lucho', 'Zorrilla Fernández', '2002-04-18'),
(2925, 4, '734866816', 'Adelina', 'Naranjo Adadia', '1999-03-19'),
(2926, 7, '2116935732', 'Erasmo', 'Zamorano Morcillo', '1996-10-05'),
(2927, 21, '9197128167', 'Raúl', 'Nebot Lledó', '1984-02-16'),
(2928, 4, '3737767336', 'Héctor', 'Carbó Rivero', '1961-07-10'),
(2929, 30, '4139726863', 'Zaira', 'Mercader Vives', '1971-02-17'),
(2930, 13, '5305176960', 'Ana Sofía', 'Fábregas Torrijos', '1973-03-12'),
(2931, 22, '2726900090', 'Espiridión', 'Hernandez Alegria', '1962-02-09'),
(2932, 12, '9698455420', 'Jonatan', 'Reina Jara', '1989-10-07'),
(2933, 29, '5631565147', 'Tadeo', 'Llanos Villar', '1989-03-16'),
(2934, 25, '7464886262', 'Leonor', 'Larrañaga Cabello', '1986-08-19'),
(2935, 21, '5286624919', 'María Fernanda', 'Borja Castillo', '1962-07-10'),
(2936, 6, '1719381648', 'Curro', 'Sebastián Méndez', '1983-05-22'),
(2937, 28, '3823643757', 'Consuelo', 'Salamanca Terrón', '1987-02-03'),
(2938, 10, '160272697', 'Juan Bautista', 'Palma Vilanova', '1980-06-10'),
(2939, 19, '8610854884', 'Cristian', 'Cantero Leon', '1977-02-11'),
(2940, 30, '3432765842', 'Rafael', 'Saavedra Escalona', '1996-12-01'),
(2941, 4, '9074148506', 'Mateo', 'Gargallo Pinilla', '1964-07-21'),
(2942, 19, '4607175594', 'Bárbara', 'Piquer Carrasco', '1966-11-01'),
(2943, 30, '5613160331', 'Yéssica', 'Anguita Fiol', '1985-06-01'),
(2944, 21, '326967312', 'Ascensión', 'Delgado Pulido', '1961-05-27'),
(2945, 6, '7656612878', 'Néstor', 'Nicolás Lerma', '1985-09-10'),
(2946, 15, '8466873315', 'Virginia', 'Jordá Echevarría', '1986-12-30'),
(2947, 5, '5354959152', 'Antonia', 'Jaume Guardiola', '1993-11-28'),
(2948, 29, '1941656048', 'Juanito', 'Amores Fiol', '1979-08-20'),
(2949, 30, '7201193617', 'Evelia', 'Miranda Lucas', '1982-11-23'),
(2950, 2, '1821028996', 'Agapito', 'Gual Aguilar', '1965-10-06'),
(2951, 27, '8988146076', 'Severiano', 'Cervantes Cornejo', '1993-09-07'),
(2952, 30, '3330473622', 'Isidro', 'Yáñez Peñalver', '1999-11-05'),
(2953, 7, '9736929934', 'Edgardo', 'Cabeza Salgado', '1974-01-10'),
(2954, 3, '2277951736', 'Bienvenida', 'Pedrero Baquero', '1999-06-06'),
(2955, 9, '1936950633', 'Montserrat', 'Ferrer Jordán', '1961-11-23'),
(2956, 14, '4660184267', 'Isabela', 'Palomo Aparicio', '1996-11-20'),
(2957, 30, '487487255', 'Gonzalo', 'Requena Jover', '1961-03-16'),
(2958, 2, '5328113458', 'Olalla', 'Álamo Infante', '1998-02-19'),
(2959, 21, '1168274876', 'Salomé', 'Sáez Silva', '1962-03-16'),
(2960, 7, '8656917730', 'Sosimo', 'Duque Torrens', '1998-09-17'),
(2961, 25, '3048671381', 'Marcos', 'Escudero Padilla', '1977-04-03'),
(2962, 17, '9814360305', 'Marianela', 'Pombo Roman', '1999-02-05'),
(2963, 10, '5709313280', 'Emiliano', 'Blazquez Tamarit', '1983-12-19'),
(2964, 13, '7923101629', 'Eladio', 'Taboada Novoa', '1971-05-14'),
(2965, 6, '2149587112', 'Albano', 'Caparrós Ribera', '1964-06-11'),
(2966, 29, '1919116166', 'Kike', 'Maza Serra', '1999-05-12'),
(2967, 9, '9812137102', 'Maricruz', 'Montaña Espinosa', '1975-11-01'),
(2968, 5, '9934450524', 'Desiderio', 'Recio Garcia', '1997-05-18'),
(2969, 10, '4992067081', 'León', 'Vilar Torrecilla', '1966-02-04'),
(2970, 14, '198354032', 'Cipriano', 'Salgado Alberto', '1991-07-19'),
(2971, 12, '4062794624', 'Edgardo', 'Luz Nebot', '1990-05-31'),
(2972, 25, '8911594202', 'Mamen', 'Heras Armas', '1978-04-23'),
(2973, 10, '9885879008', 'Lope', 'Bosch Maldonado', '1971-09-20'),
(2974, 2, '3437758276', 'Matías', 'Orozco Conde', '1996-10-07'),
(2975, 13, '9457488787', 'Ignacio', 'Tomas Dominguez', '2005-10-17'),
(2976, 18, '9125492797', 'Horacio', 'Asensio Chacón', '1988-02-08'),
(2977, 13, '8097131480', 'Reyes', 'Llanos Sastre', '1992-01-15'),
(2978, 30, '4650537358', 'Aura', 'Castillo Barón', '1995-08-08'),
(2979, 28, '8418711045', 'Anselmo', 'Vélez Lobato', '1964-11-11'),
(2980, 29, '4020126773', 'Amarilis', 'Carrillo Carmona', '1988-03-28'),
(2981, 7, '512218966', 'Marcelo', 'Quero Jiménez', '1977-03-21'),
(2982, 25, '2790164688', 'Cristian', 'Vargas Hernando', '1964-01-02'),
(2983, 17, '6259814068', 'Nereida', 'Mateos Duque', '1980-06-11'),
(2984, 10, '2102269406', 'Lupita', 'Villalonga Navarro', '1972-06-19'),
(2985, 17, '5330807867', 'Lorena', 'Tolosa Manzano', '1997-12-22'),
(2986, 12, '6423454243', 'Adalberto', 'Barbero Somoza', '1998-01-09'),
(2987, 21, '9109624095', 'Eugenio', 'Niño Herrera', '1971-08-22'),
(2988, 17, '407192095', 'Chema', 'Anguita Cárdenas', '1971-03-11'),
(2989, 14, '6039492518', 'Concha', 'Barrena Rebollo', '2005-03-16'),
(2990, 28, '6038149647', 'Luisa', 'Aliaga Colomer', '1996-09-20'),
(2991, 19, '6143425624', 'Visitación', 'Frutos Garrido', '1998-10-04'),
(2992, 5, '5845481008', 'Bernardino', 'Redondo Meléndez', '1987-04-15'),
(2993, 6, '3080690629', 'Paula', 'Alcalá Fabregat', '2006-05-13'),
(2994, 17, '2028884825', 'Paz', 'Almazán Salvador', '1963-01-26'),
(2995, 29, '3482113012', 'Amarilis', 'Viña Barrera', '1995-10-22'),
(2996, 6, '7575091839', 'Maricruz', 'Gomila Córdoba', '1962-05-21'),
(2997, 9, '8740786382', 'Tamara', 'Villa Guitart', '1978-06-21'),
(2998, 18, '6462238078', 'Dorotea', 'Cortes Rozas', '1993-05-10'),
(2999, 29, '7398237307', 'Calixta', 'Sacristán Recio', '2006-06-13'),
(3000, 13, '9345859171', 'Sebastián', 'Olivera Barranco', '1992-03-15');

--
-- Índices para tablas volcadas
--

--
-- Indices de la tabla `candidatos`
--
ALTER TABLE `candidatos`
  ADD PRIMARY KEY (`id_candidato`),
  ADD KEY `idx_candidatos_partido` (`id_partido`);

--
-- Indices de la tabla `centros_votacion`
--
ALTER TABLE `centros_votacion`
  ADD PRIMARY KEY (`id_centro`),
  ADD KEY `idx_centros_distrito` (`id_distrito`);

--
-- Indices de la tabla `distritos`
--
ALTER TABLE `distritos`
  ADD PRIMARY KEY (`id_distrito`),
  ADD KEY `fk_distrito_region` (`id_region`);

--
-- Indices de la tabla `incidencias`
--
ALTER TABLE `incidencias`
  ADD PRIMARY KEY (`id_incidencia`),
  ADD KEY `fk_incidencia_mesa` (`id_mesa`),
  ADD KEY `fk_incidencia_proceso` (`id_proceso`);

--
-- Indices de la tabla `mesas_electorales`
--
ALTER TABLE `mesas_electorales`
  ADD PRIMARY KEY (`id_mesa`),
  ADD KEY `fk_mesa_centro` (`id_centro`),
  ADD KEY `fk_mesa_proceso` (`id_proceso`);

--
-- Indices de la tabla `observadores`
--
ALTER TABLE `observadores`
  ADD PRIMARY KEY (`id_observador`),
  ADD KEY `fk_observador_proceso` (`id_proceso`);

--
-- Indices de la tabla `partidos_politicos`
--
ALTER TABLE `partidos_politicos`
  ADD PRIMARY KEY (`id_partido`);

--
-- Indices de la tabla `procesos_electorales`
--
ALTER TABLE `procesos_electorales`
  ADD PRIMARY KEY (`id_proceso`);

--
-- Indices de la tabla `regiones`
--
ALTER TABLE `regiones`
  ADD PRIMARY KEY (`id_region`);

--
-- Indices de la tabla `resultados_mesa`
--
ALTER TABLE `resultados_mesa`
  ADD PRIMARY KEY (`id_resultado`),
  ADD KEY `fk_resultado_candidato` (`id_candidato`),
  ADD KEY `idx_resultados_mesa_proceso` (`id_mesa`);

--
-- Indices de la tabla `votantes`
--
ALTER TABLE `votantes`
  ADD PRIMARY KEY (`id_votante`),
  ADD UNIQUE KEY `dni` (`dni`),
  ADD KEY `fk_votante_distrito` (`id_distrito`),
  ADD KEY `idx_votantes_dni` (`dni`);

--
-- AUTO_INCREMENT de las tablas volcadas
--

--
-- AUTO_INCREMENT de la tabla `candidatos`
--
ALTER TABLE `candidatos`
  MODIFY `id_candidato` int(11) NOT NULL AUTO_INCREMENT, AUTO_INCREMENT=3;

--
-- AUTO_INCREMENT de la tabla `centros_votacion`
--
ALTER TABLE `centros_votacion`
  MODIFY `id_centro` int(11) NOT NULL AUTO_INCREMENT, AUTO_INCREMENT=201;

--
-- AUTO_INCREMENT de la tabla `distritos`
--
ALTER TABLE `distritos`
  MODIFY `id_distrito` int(11) NOT NULL AUTO_INCREMENT, AUTO_INCREMENT=130;

--
-- AUTO_INCREMENT de la tabla `incidencias`
--
ALTER TABLE `incidencias`
  MODIFY `id_incidencia` int(11) NOT NULL AUTO_INCREMENT, AUTO_INCREMENT=21;

--
-- AUTO_INCREMENT de la tabla `mesas_electorales`
--
ALTER TABLE `mesas_electorales`
  MODIFY `id_mesa` int(11) NOT NULL AUTO_INCREMENT, AUTO_INCREMENT=403;

--
-- AUTO_INCREMENT de la tabla `observadores`
--
ALTER TABLE `observadores`
  MODIFY `id_observador` int(11) NOT NULL AUTO_INCREMENT, AUTO_INCREMENT=16;

--
-- AUTO_INCREMENT de la tabla `partidos_politicos`
--
ALTER TABLE `partidos_politicos`
  MODIFY `id_partido` int(11) NOT NULL AUTO_INCREMENT, AUTO_INCREMENT=3;

--
-- AUTO_INCREMENT de la tabla `procesos_electorales`
--
ALTER TABLE `procesos_electorales`
  MODIFY `id_proceso` int(11) NOT NULL AUTO_INCREMENT, AUTO_INCREMENT=11;

--
-- AUTO_INCREMENT de la tabla `regiones`
--
ALTER TABLE `regiones`
  MODIFY `id_region` int(11) NOT NULL AUTO_INCREMENT, AUTO_INCREMENT=33;

--
-- AUTO_INCREMENT de la tabla `resultados_mesa`
--
ALTER TABLE `resultados_mesa`
  MODIFY `id_resultado` int(11) NOT NULL AUTO_INCREMENT, AUTO_INCREMENT=801;

--
-- AUTO_INCREMENT de la tabla `votantes`
--
ALTER TABLE `votantes`
  MODIFY `id_votante` int(11) NOT NULL AUTO_INCREMENT, AUTO_INCREMENT=3001;

--
-- Restricciones para tablas volcadas
--

--
-- Filtros para la tabla `candidatos`
--
ALTER TABLE `candidatos`
  ADD CONSTRAINT `fk_candidato_partido` FOREIGN KEY (`id_partido`) REFERENCES `partidos_politicos` (`id_partido`);

--
-- Filtros para la tabla `centros_votacion`
--
ALTER TABLE `centros_votacion`
  ADD CONSTRAINT `fk_centro_distrito` FOREIGN KEY (`id_distrito`) REFERENCES `distritos` (`id_distrito`);

--
-- Filtros para la tabla `distritos`
--
ALTER TABLE `distritos`
  ADD CONSTRAINT `fk_distrito_region` FOREIGN KEY (`id_region`) REFERENCES `regiones` (`id_region`);

--
-- Filtros para la tabla `incidencias`
--
ALTER TABLE `incidencias`
  ADD CONSTRAINT `fk_incidencia_mesa` FOREIGN KEY (`id_mesa`) REFERENCES `mesas_electorales` (`id_mesa`),
  ADD CONSTRAINT `fk_incidencia_proceso` FOREIGN KEY (`id_proceso`) REFERENCES `procesos_electorales` (`id_proceso`);

--
-- Filtros para la tabla `mesas_electorales`
--
ALTER TABLE `mesas_electorales`
  ADD CONSTRAINT `fk_mesa_centro` FOREIGN KEY (`id_centro`) REFERENCES `centros_votacion` (`id_centro`),
  ADD CONSTRAINT `fk_mesa_proceso` FOREIGN KEY (`id_proceso`) REFERENCES `procesos_electorales` (`id_proceso`);

--
-- Filtros para la tabla `observadores`
--
ALTER TABLE `observadores`
  ADD CONSTRAINT `fk_observador_proceso` FOREIGN KEY (`id_proceso`) REFERENCES `procesos_electorales` (`id_proceso`);

--
-- Filtros para la tabla `resultados_mesa`
--
ALTER TABLE `resultados_mesa`
  ADD CONSTRAINT `fk_resultado_candidato` FOREIGN KEY (`id_candidato`) REFERENCES `candidatos` (`id_candidato`),
  ADD CONSTRAINT `fk_resultado_mesa` FOREIGN KEY (`id_mesa`) REFERENCES `mesas_electorales` (`id_mesa`);

--
-- Filtros para la tabla `votantes`
--
ALTER TABLE `votantes`
  ADD CONSTRAINT `fk_votante_distrito` FOREIGN KEY (`id_distrito`) REFERENCES `distritos` (`id_distrito`);
COMMIT;

/*!40101 SET CHARACTER_SET_CLIENT=@OLD_CHARACTER_SET_CLIENT */;
/*!40101 SET CHARACTER_SET_RESULTS=@OLD_CHARACTER_SET_RESULTS */;
/*!40101 SET COLLATION_CONNECTION=@OLD_COLLATION_CONNECTION */;
